model,organelle,dataset,dataset_label,crop_id,coverage,voxel_nm,source_image,infer_s,dice,iou,precision,recall,f1,accuracy,specificity,tp,fp,fn,tn,gt_area,pred_area,eval_area,gt_frac,cldice,boundary_f1,status
deepcontact_er,er,empiar_12885_aive,EMPIAR-12885,set1_00000,sparse,6.5104,Set1_-_AIVE_SOURCE_DATA/Dataset1_overview.tif,0.419,0.022289,0.01127,0.639779,0.011342,0.022289,0.983617,0.999893,3133,1764,273089,16499230,276222,4897,2098640,0.13162,0.033258,0.051518,ok
deepcontact_er,er,empiar_12885_aive,EMPIAR-12885,set1_00001,sparse,6.5104,Set1_-_AIVE_SOURCE_DATA/Dataset1_overview.tif,0.403,0.029108,0.014769,0.521654,0.014972,0.029108,0.982087,0.999749,4505,4131,296397,16472183,300902,8636,2074960,0.145016,0.037527,0.044057,ok
deepcontact_er,er,empiar_12885_aive,EMPIAR-12885,set1_00002,sparse,6.5104,Set1_-_AIVE_SOURCE_DATA/Dataset1_overview.tif,0.414,0.015962,0.008045,0.782258,0.008063,0.015962,0.981465,0.999957,2522,702,310259,16463733,312781,3224,1983200,0.157715,0.030764,0.035088,ok
deepcontact_er,er,empiar_12885_aive,EMPIAR-12885,set1_00003,sparse,6.5104,Set1_-_AIVE_SOURCE_DATA/Dataset1_overview.tif,0.45,0.022793,0.011528,0.808052,0.01156,0.022793,0.982766,0.999951,3372,801,288330,16484713,291702,4173,1932880,0.150916,0.028466,0.040583,ok
deepcontact_er,er,empiar_12885_aive,EMPIAR-12885,set1_00004,sparse,6.5104,Set1_-_AIVE_SOURCE_DATA/Dataset1_overview.tif,0.413,0.019256,0.009722,0.776005,0.009749,0.019256,0.984056,0.999954,2626,758,266736,16507096,269362,3384,1867760,0.144217,0.028425,0.04474,ok
deepcontact_er,er,empiar_12885_aive,EMPIAR-12885,set1_00005,sparse,6.5104,Set1_-_AIVE_SOURCE_DATA/Dataset1_overview.tif,0.408,0.006924,0.003474,0.692908,0.003479,0.006924,0.983296,0.999974,977,433,279815,16495991,280792,1410,1850000,0.151779,0.01076,0.017038,ok
deepcontact_er,er,empiar_12885_aive,EMPIAR-12885,set1_00006,sparse,6.5104,Set1_-_AIVE_SOURCE_DATA/Dataset1_overview.tif,0.404,0.014737,0.007423,0.698693,0.007447,0.014737,0.984236,0.999948,1978,853,263628,16510757,265606,2831,1844080,0.144032,0.026065,0.051629,ok
deepcontact_er,er,empiar_12885_aive,EMPIAR-12885,set1_00007,sparse,6.5104,Set1_-_AIVE_SOURCE_DATA/Dataset1_overview.tif,0.403,0.030901,0.015693,0.616684,0.015848,0.030901,0.986485,0.999864,3615,2247,224496,16546858,228111,5862,1835200,0.124298,0.060924,0.076418,ok
deepcontact_er,er,empiar_12885_aive,EMPIAR-12885,set1_00008,sparse,6.5104,Set1_-_AIVE_SOURCE_DATA/Dataset1_overview.tif,0.408,0.069703,0.03611,0.537695,0.037267,0.069703,0.988494,0.999625,7232,6218,186826,16576940,194058,13450,1778960,0.109085,0.078882,0.092829,ok
deepcontact_er,er,empiar_12885_aive,EMPIAR-12885,set1_00009,sparse,6.5104,Set1_-_AIVE_SOURCE_DATA/Dataset1_overview.tif,0.396,0.032979,0.016766,0.842034,0.016819,0.032979,0.989063,0.999965,3129,587,182910,16590590,186039,3716,1704522,0.109144,0.063354,0.085771,ok
deepcontact_er,er,empiar_12885_aive,EMPIAR-12885,set1_00010,sparse,6.5104,Set1_-_AIVE_SOURCE_DATA/Dataset1_overview.tif,0.403,0.007732,0.003881,0.443357,0.0039,0.007732,0.986829,0.999935,861,1081,219894,16555380,220755,1942,1617404,0.136487,0.015528,0.028833,ok
deepcontact_er,er,empiar_12885_aive,EMPIAR-12885,set1_00011,sparse,6.5104,Set1_-_AIVE_SOURCE_DATA/Dataset1_overview.tif,0.438,0.029278,0.014856,0.765793,0.014924,0.029278,0.990992,0.999958,2279,697,150425,16623815,152704,2976,1592480,0.095891,0.050082,0.06085,ok
deepcontact_er,er,empiar_12885_aive,EMPIAR-12885,set1_00012,sparse,6.5104,Set1_-_AIVE_SOURCE_DATA/Dataset1_overview.tif,0.419,0.01222,0.006147,0.539474,0.00618,0.01222,0.990913,0.999952,943,805,151650,16623818,152593,1748,1536240,0.099329,0.020336,0.037533,ok
deepcontact_er,er,empiar_12885_aive,EMPIAR-12885,set1_00013,sparse,6.5104,Set1_-_AIVE_SOURCE_DATA/Dataset1_overview.tif,0.418,0.014545,0.007326,0.759314,0.007343,0.014545,0.99177,0.999981,1019,323,137755,16638119,138774,1342,1431756,0.096926,0.017115,0.025225,ok
deepcontact_er,er,empiar_12885_aive,EMPIAR-12885,set1_00014,sparse,6.5104,Set1_-_AIVE_SOURCE_DATA/Dataset1_overview.tif,0.391,0.000279,0.00014,0.098361,0.00014,0.000279,0.992325,0.99999,18,165,128607,16648426,128625,183,1316310,0.097716,0.000841,0.001646,ok
deepcontact_er,er,empiar_12885_aive,EMPIAR-12885,set1_00015,sparse,6.5104,Set1_-_AIVE_SOURCE_DATA/Dataset1_overview.tif,0.421,0.000502,0.000251,0.039801,0.000253,0.000502,0.996202,0.999977,16,386,63335,16713479,63351,402,1157360,0.054738,0.003019,0.002096,ok
deepcontact_er,er,empiar_12885_aive,EMPIAR-12885,set1_00016,sparse,6.5104,Set1_-_AIVE_SOURCE_DATA/Dataset1_overview.tif,0.433,0.0,0.0,0.0,0.0,0.0,0.996892,0.999946,0,905,51240,16725071,51240,905,1074480,0.047688,0.0,0.0,ok
deepcontact_er,er,empiar_12885_aive,EMPIAR-12885,set1_00017,sparse,6.5104,Set1_-_AIVE_SOURCE_DATA/Dataset1_overview.tif,0.431,0.035367,0.018002,0.516402,0.01831,0.035367,0.996622,0.999942,1039,973,55705,16719499,56744,2012,976800,0.058092,0.008485,0.01297,ok
deepcontact_er,er,empiar_12885_aive,EMPIAR-12885,set1_00018,sparse,6.5104,Set1_-_AIVE_SOURCE_DATA/Dataset1_overview.tif,0.416,0.002945,0.001475,0.059094,0.00151,0.002945,0.996892,0.999927,77,1226,50912,16725001,50989,1303,1089280,0.04681,0.003671,0.00263,ok
deepcontact_er,er,empiar_12885_aive,EMPIAR-12885,set2_00019,sparse,6.5104,Set2_-_AIVE_SOURCE_DATA/Dataset2_overview.tif,0.463,0.009259,0.004651,0.520596,0.004671,0.009259,0.98662,0.999942,1049,966,223516,16551685,224565,2015,1927940,0.116479,0.015172,0.023875,ok
deepcontact_er,er,empiar_12885_aive,EMPIAR-12885,set2_00020,sparse,6.5104,Set2_-_AIVE_SOURCE_DATA/Dataset2_overview.tif,0.425,0.005675,0.002846,0.245894,0.002871,0.005675,0.989056,0.999903,524,1607,182003,16593082,182527,2131,2053930,0.088867,0.012719,0.011771,ok
deepcontact_er,er,empiar_12885_aive,EMPIAR-12885,set2_00021,sparse,6.5104,Set2_-_AIVE_SOURCE_DATA/Dataset2_overview.tif,0.429,0.00403,0.002019,0.505263,0.002023,0.00403,0.9901,0.99998,336,329,165765,16610786,166101,665,2100810,0.079065,0.011836,0.01235,ok
deepcontact_er,er,empiar_12885_aive,EMPIAR-12885,set2_00022,sparse,6.5104,Set2_-_AIVE_SOURCE_DATA/Dataset2_overview.tif,0.412,0.009159,0.0046,0.832744,0.004605,0.009159,0.990882,0.999991,707,142,152830,16623537,153537,849,2162340,0.071005,0.020455,0.016543,ok
deepcontact_er,er,empiar_12885_aive,EMPIAR-12885,set2_00023,sparse,6.5104,Set2_-_AIVE_SOURCE_DATA/Dataset2_overview.tif,0.442,0.027172,0.013773,0.91643,0.013791,0.027172,0.99312,0.999991,1612,147,115280,16660177,116892,1759,2118390,0.05518,0.041704,0.054445,ok
deepcontact_er,er,empiar_12885_aive,EMPIAR-12885,set2_00024,sparse,6.5104,Set2_-_AIVE_SOURCE_DATA/Dataset2_overview.tif,0.433,0.00877,0.004404,0.818004,0.004409,0.00877,0.994368,0.999994,418,93,94392,16682313,94810,511,2092020,0.04532,0.015704,0.010638,ok
deepcontact_er,er,empiar_12885_aive,EMPIAR-12885,set2_00025,sparse,6.5104,Set2_-_AIVE_SOURCE_DATA/Dataset2_overview.tif,0.416,0.00047,0.000235,0.007423,0.000243,0.00047,0.995434,0.999856,18,2407,74195,16700596,74213,2425,2080300,0.035674,0.002536,0.004495,ok
deepcontact_er,er,empiar_12885_aive,EMPIAR-12885,set2_00026,sparse,6.5104,Set2_-_AIVE_SOURCE_DATA/Dataset2_overview.tif,0.612,0.020996,0.010609,0.46941,0.010738,0.020996,0.995309,0.999943,844,954,77756,16697662,78600,1798,2080386,0.037781,0.033698,0.037673,ok
deepcontact_er,er,empiar_12885_aive,EMPIAR-12885,set2_00027,sparse,6.5104,Set2_-_AIVE_SOURCE_DATA/Dataset2_overview.tif,0.428,0.0007,0.00035,0.182609,0.000351,0.0007,0.996429,0.999994,21,94,59822,16717279,59843,115,2077370,0.028807,0.003353,0.0,ok
deepcontact_er,er,empiar_12885_aive,EMPIAR-12885,set2_00028,sparse,6.5104,Set2_-_AIVE_SOURCE_DATA/Dataset2_overview.tif,0.42,0.006894,0.003459,0.995495,0.003459,0.006894,0.996205,1.0,221,1,63671,16713323,63892,222,2074440,0.0308,0.015267,0.015077,ok
deepcontact_er,er,empiar_12885_aive,EMPIAR-12885,set2_00029,sparse,6.5104,Set2_-_AIVE_SOURCE_DATA/Dataset2_overview.tif,0.41,0.003291,0.001648,0.149847,0.001664,0.003291,0.996461,0.999967,98,556,58813,16717749,58911,654,2097880,0.028081,0.006803,0.007918,ok
deepcontact_er,er,empiar_12885_aive,EMPIAR-12885,set2_00030,sparse,6.5104,Set2_-_AIVE_SOURCE_DATA/Dataset2_overview.tif,0.419,0.042702,0.021817,0.420529,0.022493,0.042702,0.996047,0.999878,1479,2038,64275,16709424,65754,3517,2048070,0.032105,0.072514,0.09617,ok
deepcontact_er,er,empiar_12885_aive,EMPIAR-12885,set2_00031,sparse,6.5104,Set2_-_AIVE_SOURCE_DATA/Dataset2_overview.tif,0.413,0.040531,0.020685,0.652987,0.020915,0.040531,0.995465,0.999949,1607,854,75229,16699526,76836,2461,2056860,0.037356,0.06543,0.076725,ok
deepcontact_er,er,empiar_12885_aive,EMPIAR-12885,set2_00032,sparse,6.5104,Set2_-_AIVE_SOURCE_DATA/Dataset2_overview.tif,0.443,0.010872,0.005466,0.252637,0.005555,0.010872,0.994284,0.999907,527,1559,94335,16680795,94862,2086,2036350,0.046584,0.011732,0.042273,ok
deepcontact_er,er,empiar_12885_aive,EMPIAR-12885,set2_00033,sparse,6.5104,Set2_-_AIVE_SOURCE_DATA/Dataset2_overview.tif,0.408,0.023434,0.011856,0.327116,0.012152,0.023434,0.993204,0.999831,1368,2814,111203,16661831,112571,4182,2015840,0.055843,0.028074,0.054631,ok
deepcontact_er,er,empiar_12885_aive,EMPIAR-12885,set2_00034,sparse,6.5104,Set2_-_AIVE_SOURCE_DATA/Dataset2_overview.tif,0.483,0.008413,0.004224,0.423956,0.004249,0.008413,0.992441,0.999956,538,731,126086,16649861,126624,1269,2009980,0.062998,0.01432,0.017023,ok
deepcontact_er,er,empiar_12885_aive,EMPIAR-12885,set2_00035,sparse,6.5104,Set2_-_AIVE_SOURCE_DATA/Dataset2_overview.tif,0.419,0.017188,0.008668,0.567515,0.008726,0.017188,0.99407,0.99996,870,663,98833,16676850,99703,1533,2012910,0.049532,0.027786,0.044652,ok
deepcontact_er,er,empiar_12885_aive,EMPIAR-12885,set2_00036,sparse,6.5104,Set2_-_AIVE_SOURCE_DATA/Dataset2_overview.tif,0.421,0.040327,0.020578,0.703467,0.020758,0.040327,0.994071,0.999947,2090,881,98592,16675653,100682,2971,1974820,0.050983,0.069655,0.09602,ok
deepcontact_er,er,empiar_12885_aive,EMPIAR-12885,set2_00037,sparse,6.5104,Set2_-_AIVE_SOURCE_DATA/Dataset2_overview.tif,0.418,0.015422,0.007771,0.662651,0.007802,0.015422,0.993303,0.999973,880,448,111914,16663974,112794,1328,1966030,0.057371,0.016457,0.031944,ok
deepcontact_er,er,empiar_12885_aive,EMPIAR-12885,set2_00038,sparse,6.5104,Set2_-_AIVE_SOURCE_DATA/Dataset2_overview.tif,0.425,0.01781,0.008985,0.6767,0.009024,0.01781,0.991427,0.999963,1304,623,143206,16632083,144510,1927,1954310,0.073944,0.012678,0.027708,ok
deepcontact_er,er,empiar_12885_aive,EMPIAR-12885,set2_00039,sparse,6.5104,Set2_-_AIVE_SOURCE_DATA/Dataset2_overview.tif,0.44,0.033785,0.017183,0.55168,0.017426,0.033785,0.991265,0.999875,2562,2082,144461,16628111,147023,4644,1892780,0.077676,0.039612,0.061937,ok
deepcontact_er,er,empiar_12885_aive,EMPIAR-12885,set2_00040,sparse,6.5104,Set2_-_AIVE_SOURCE_DATA/Dataset2_overview.tif,0.415,0.002888,0.001446,0.296784,0.001451,0.002888,0.991644,0.999971,203,481,139702,16636830,139905,684,1892780,0.073915,0.003009,0.005904,ok
deepcontact_er,er,empiar_12885_aive,EMPIAR-12885,set3_00041,sparse,6.5104,Set3_-_AIVE_SOURCE_DATA/Dataset3_overview.tif,0.817,0.017282,0.008716,0.200587,0.00903,0.017282,0.99537,0.999837,683,2722,74953,16698858,75636,3405,2366330,0.031963,0.028887,0.05765,ok
deepcontact_er,er,empiar_12885_aive,EMPIAR-12885,set3_00042,sparse,6.5104,Set3_-_AIVE_SOURCE_DATA/Dataset3_overview.tif,0.413,0.060461,0.031173,0.671347,0.031656,0.060461,0.995217,0.999924,2582,1264,78982,16694388,81564,3846,2400360,0.03398,0.084644,0.12485,ok
deepcontact_er,er,empiar_12885_aive,EMPIAR-12885,set3_00043,sparse,6.5104,Set3_-_AIVE_SOURCE_DATA/Dataset3_overview.tif,0.395,0.003009,0.001507,0.221034,0.001515,0.003009,0.995102,0.999974,124,437,81731,16694924,81855,561,2443520,0.033499,0.004745,0.010966,ok
deepcontact_er,er,empiar_12885_aive,EMPIAR-12885,set3_00044,sparse,6.5104,Set3_-_AIVE_SOURCE_DATA/Dataset3_overview.tif,0.417,0.016363,0.008249,0.427627,0.008341,0.016363,0.995364,0.999948,647,866,76919,16698784,77566,1513,2432100,0.031893,0.014041,0.038949,ok
deepcontact_er,er,empiar_12885_aive,EMPIAR-12885,set3_00045,sparse,6.5104,Set3_-_AIVE_SOURCE_DATA/Dataset3_overview.tif,0.412,0.032164,0.016345,0.766267,0.016427,0.032164,0.995649,0.999978,1213,370,72630,16703003,73843,1583,2446840,0.030179,0.034013,0.070051,ok
deepcontact_er,er,empiar_12885_aive,EMPIAR-12885,set3_00046,sparse,6.5104,Set3_-_AIVE_SOURCE_DATA/Dataset3_overview.tif,0.405,0.02487,0.012592,0.840726,0.012622,0.02487,0.996102,0.999991,834,158,65242,16710982,66076,992,2446840,0.027005,0.032439,0.03926,ok
deepcontact_er,er,empiar_12885_aive,EMPIAR-12885,set3_00047,sparse,6.5104,Set3_-_AIVE_SOURCE_DATA/Dataset3_overview.tif,0.433,0.050765,0.026044,0.69894,0.026339,0.050765,0.995736,0.999951,1913,824,70717,16703762,72630,2737,2446840,0.029683,0.064426,0.112018,ok
deepcontact_er,er,empiar_12885_aive,EMPIAR-12885,set3_00048,sparse,6.5104,Set3_-_AIVE_SOURCE_DATA/Dataset3_overview.tif,0.419,0.022171,0.01121,0.714408,0.01126,0.022171,0.995594,0.99998,838,335,73583,16702460,74421,1173,2442690,0.030467,0.033552,0.049988,ok
deepcontact_er,er,empiar_12885_aive,EMPIAR-12885,set3_00049,sparse,6.5104,Set3_-_AIVE_SOURCE_DATA/Dataset3_overview.tif,0.425,0.009769,0.004908,0.588825,0.004925,0.009769,0.995034,0.999983,411,287,83036,16693482,83447,698,2446840,0.034104,0.019946,0.022716,ok
deepcontact_er,er,empiar_12885_aive,EMPIAR-12885,set3_00050,sparse,6.5104,Set3_-_AIVE_SOURCE_DATA/Dataset3_overview.tif,0.407,0.017583,0.008869,0.542979,0.008936,0.017583,0.99575,0.999968,638,537,70758,16705283,71396,1175,2446840,0.029179,0.026669,0.047438,ok
deepcontact_er,er,empiar_12885_aive,EMPIAR-12885,set3_00051,sparse,6.5104,Set3_-_AIVE_SOURCE_DATA/Dataset3_overview.tif,0.458,0.039149,0.019965,0.344444,0.020754,0.039149,0.996009,0.999845,1364,2596,64358,16708898,65722,3960,2446840,0.02686,0.058188,0.092829,ok
deepcontact_er,er,empiar_12885_aive,EMPIAR-12885,set3_00052,sparse,6.5104,Set3_-_AIVE_SOURCE_DATA/Dataset3_overview.tif,0.429,0.019198,0.009692,0.121924,0.010419,0.019198,0.995987,0.999716,659,4746,62589,16709222,63248,5405,2402620,0.026325,0.023852,0.039457,ok
deepcontact_er,er,empiar_12885_aive,EMPIAR-12885,set3_00053,sparse,6.5104,Set3_-_AIVE_SOURCE_DATA/Dataset3_overview.tif,0.42,0.006997,0.003511,0.557692,0.003521,0.006997,0.996566,0.99999,203,161,57459,16719393,57662,364,2346608,0.024572,0.015456,0.028652,ok
deepcontact_er,er,empiar_12885_aive,EMPIAR-12885,set3_00054,sparse,6.5104,Set3_-_AIVE_SOURCE_DATA/Dataset3_overview.tif,0.42,0.007747,0.003888,0.365482,0.003915,0.007747,0.996702,0.999978,216,375,54959,16721666,55175,591,2317070,0.023812,0.011942,0.026583,ok
deepcontact_er,er,empiar_12885_aive,EMPIAR-12885,set3_00055,sparse,6.5104,Set3_-_AIVE_SOURCE_DATA/Dataset3_overview.tif,0.428,0.022894,0.011579,0.190573,0.012178,0.022894,0.996174,0.999809,752,3194,60997,16712273,61749,3946,2301426,0.026831,0.027682,0.056768,ok
deepcontact_er,er,empiar_12885_aive,EMPIAR-12885,set3_00056,sparse,6.5104,Set3_-_AIVE_SOURCE_DATA/Dataset3_overview.tif,0.421,0.010038,0.005045,0.188669,0.005156,0.010038,0.99585,0.999909,353,1518,68106,16707239,68459,1871,2249324,0.030435,0.011149,0.033814,ok
deepcontact_er,er,empiar_13156_hela_stard3_er,EMPIAR-13156,ctrl_00000,sparse,8,Ctrl/ROI_CICGFA_001.tif,0.429,0.003776,0.001892,0.01094,0.002282,0.003776,0.996918,0.999471,98,8860,42849,16725409,42947,8958,1991960,0.02156,0.008396,0.009175,ok
deepcontact_er,er,empiar_13156_hela_stard3_er,EMPIAR-13156,ctrl_00001,sparse,8,Ctrl/ROI_CICGFA_026.tif,0.421,0.0,0.0,0.0,0.0,0.0,0.998585,0.999925,0,1259,22473,16753484,22473,1259,2042784,0.011001,0.0,0.0,ok
deepcontact_er,er,empiar_13156_hela_stard3_er,EMPIAR-13156,ctrl_00002,sparse,8,Ctrl/ROI_CICGFA_051.tif,0.428,0.0,0.0,0.0,0.0,0.0,0.998506,0.999902,0,1647,23418,16752151,23418,1647,1646182,0.014226,0.0,0.0,ok
deepcontact_er,er,empiar_13156_hela_stard3_er,EMPIAR-13156,ctrl_00003,sparse,8,Ctrl/ROI_CICGFA_076.tif,0.446,0.0,0.0,0.0,0.0,0.0,0.998058,0.99993,0,1177,31411,16744628,31411,1177,2101330,0.014948,0.0,0.0,ok
deepcontact_er,er,empiar_13156_hela_stard3_er,EMPIAR-13156,ctrl_00004,sparse,8,Ctrl/ROI_CICGFA_101.tif,0.415,0.0,0.0,0.0,0.0,0.0,0.998326,0.999881,0,1993,26088,16749135,26088,1993,2265480,0.011515,0.0,0.0,ok
deepcontact_er,er,empiar_13156_hela_stard3_er,EMPIAR-13156,ctrl_00005,sparse,8,Ctrl/ROI_CICGFA_126.tif,0.433,0.0,0.0,0.0,0.0,0.0,0.998243,0.999957,0,713,28767,16747736,28767,713,2234500,0.012874,0.0,0.0,ok
deepcontact_er,er,empiar_13156_hela_stard3_er,EMPIAR-13156,ctrl_00006,sparse,8,Ctrl/ROI_CICGFA_176.tif,0.451,0.0,0.0,0.0,0.0,0.0,0.998401,0.999951,0,828,25999,16750389,25999,828,1204224,0.02159,0.0,0.0,ok
deepcontact_er,er,empiar_13156_hela_stard3_er,EMPIAR-13156,ctrl_00007,sparse,8,Ctrl/ROI_CICGFA_201.tif,0.448,0.0,0.0,0.0,0.0,0.0,0.997993,0.999982,0,304,33362,16743550,33362,304,1215669,0.027443,0.0,0.0,ok
deepcontact_er,er,empiar_13156_hela_stard3_er,EMPIAR-13156,ctrl_00008,sparse,8,Ctrl/ROI_CICGFA_226.tif,0.419,0.0,0.0,0.0,0.0,0.0,0.998223,0.999977,0,384,29437,16747395,29437,384,1270692,0.023166,0.0,0.0,ok
deepcontact_er,er,empiar_13156_hela_stard3_er,EMPIAR-13156,ctrl_00009,sparse,8,Ctrl/ROI_CICGFA_251.tif,0.481,0.0,0.0,0.0,0.0,0.0,0.997959,0.999981,0,317,33929,16742970,33929,317,1324570,0.025615,0.0,0.0,ok
deepcontact_er,er,empiar_13156_hela_stard3_er,EMPIAR-13156,ctrl_00010,sparse,8,Ctrl/ROI_CICGFA_276.tif,0.421,0.0,0.0,0.0,0.0,0.0,0.998278,0.9998,0,3356,25526,16748334,25526,3356,2463390,0.010362,0.0,0.0,ok
deepcontact_er,er,empiar_13156_hela_stard3_er,EMPIAR-13156,ctrl_00011,sparse,8,Ctrl/ROI_CICGFA_301.tif,0.46,0.0,0.0,0.0,0.0,0.0,0.99859,0.999967,0,547,23117,16753552,23117,547,2483433,0.009308,0.0,0.0,ok
deepcontact_er,er,empiar_13156_hela_stard3_er,EMPIAR-13156,ctrl_00012,sparse,8,Ctrl/ROI_CICGFA_326.tif,0.437,0.0,0.0,0.0,0.0,0.0,0.998666,0.999975,0,426,21959,16754831,21959,426,1381950,0.01589,0.0,0.0,ok
deepcontact_er,er,empiar_13156_hela_stard3_er,EMPIAR-13156,ctrl_00013,sparse,8,Ctrl/ROI_CICGFA_351.tif,0.665,0.0,0.0,0.0,0.0,0.0,0.998799,0.999973,0,450,19695,16757071,19695,450,1398384,0.014084,0.0,0.0,ok
deepcontact_er,er,empiar_13156_hela_stard3_er,EMPIAR-13156,ctrl_00014,sparse,8,Ctrl/ROI_CICGFA_376.tif,0.4,0.0,0.0,0.0,0.0,0.0,0.99819,0.999801,0,3335,27038,16746843,27038,3335,2526810,0.0107,0.0,0.0,ok
deepcontact_er,er,empiar_13156_hela_stard3_er,EMPIAR-13156,ctrl_00015,sparse,8,Ctrl/ROI_CICGFA_401.tif,0.424,0.0,0.0,0.0,0.0,0.0,0.99866,0.999929,0,1190,21295,16754731,21295,1190,2445840,0.008707,0.0,0.0,ok
deepcontact_er,er,empiar_13156_hela_stard3_er,EMPIAR-13156,ctrl_00016,sparse,8,Ctrl/ROI_CICGFA_426.tif,0.41,0.0,0.0,0.0,0.0,0.0,0.998578,0.999808,0,3211,20654,16753351,20654,3211,2555808,0.008081,0.0,0.0,ok
deepcontact_er,er,empiar_13156_hela_stard3_er,EMPIAR-13156,ctrl_00017,sparse,8,Ctrl/ROI_CICGFA_451.tif,0.408,0.0,0.0,0.0,0.0,0.0,0.996605,0.999953,0,778,56176,16720262,56176,778,2484372,0.022612,0.0,0.0,ok
deepcontact_er,er,empiar_13156_hela_stard3_er,EMPIAR-13156,ctrl_00018,sparse,8,Ctrl/ROI_CICGFA_476.tif,0.424,0.0,0.0,0.0,0.0,0.0,0.996902,0.999885,0,1927,50053,16725236,50053,1927,2478762,0.020193,0.0,0.0,ok
deepcontact_er,er,empiar_13156_hela_stard3_er,EMPIAR-13156,ctrl_00019,sparse,8,Ctrl/ROI_CICGFA_501.tif,0.79,0.0,0.0,0.0,0.0,0.0,0.996624,0.999815,0,3088,53545,16720583,53545,3088,2626760,0.020384,0.0,0.0,ok
deepcontact_er,er,empiar_13156_hela_stard3_er,EMPIAR-13156,ctrl_00020,sparse,8,Ctrl/ROI_CICGFA_526.tif,0.425,0.0,0.0,0.0,0.0,0.0,0.9975,0.99991,0,1509,40437,16735270,40437,1509,2371690,0.01705,0.0,0.0,ok
deepcontact_er,er,empiar_13156_hela_stard3_er,EMPIAR-13156,ctrl_00021,sparse,8,Ctrl/ROI_CICGFA_551.tif,0.462,0.0,0.0,0.0,0.0,0.0,0.996757,0.999792,0,3479,50923,16722814,50923,3479,2503329,0.020342,0.0,0.0,ok
deepcontact_er,er,empiar_13156_hela_stard3_er,EMPIAR-13156,ctrl_00022,sparse,8,Ctrl/ROI_CICGFA_576.tif,0.445,0.0,0.0,0.0,0.0,0.0,0.996456,0.999936,0,1062,58396,16717758,58396,1062,2510772,0.023258,0.0,0.0,ok
deepcontact_er,er,empiar_13156_hela_stard3_er,EMPIAR-13156,ctrl_00023,sparse,8,Ctrl/ROI_CICGFA_601.tif,0.462,0.0,0.0,0.0,0.0,0.0,0.995663,0.999783,0,3624,69131,16704461,69131,3624,2492667,0.027734,0.0,0.0,ok
deepcontact_er,er,empiar_13156_hela_stard3_er,EMPIAR-13156,ctrl_00024,sparse,8,Ctrl/ROI_CICGFA_626.tif,0.419,0.0,0.0,0.0,0.0,0.0,0.996543,0.999921,0,1319,56681,16719216,56681,1319,2494920,0.022719,0.0,0.0,ok
deepcontact_er,er,empiar_13156_hela_stard3_er,EMPIAR-13156,ctrl_00025,sparse,8,Ctrl/ROI_CICGFA_651.tif,0.432,0.0,0.0,0.0,0.0,0.0,0.996996,0.999963,0,625,49782,16726809,49782,625,2628584,0.018939,0.0,0.0,ok
deepcontact_er,er,empiar_13156_hela_stard3_er,EMPIAR-13156,ctrl_00026,sparse,8,Ctrl/ROI_CICGFA_676.tif,0.442,0.0,0.0,0.0,0.0,0.0,0.997596,0.999881,0,1999,38334,16736883,38334,1999,2573740,0.014894,0.0,0.0,ok
deepcontact_er,er,empiar_13156_hela_stard3_er,EMPIAR-13156,ctrl_00027,sparse,8,Ctrl/ROI_CICGFA_701.tif,0.414,0.0,0.0,0.0,0.0,0.0,0.997869,0.999999,0,20,35724,16741472,35724,20,2664288,0.013408,0.0,0.0,ok
deepcontact_er,er,empiar_13156_hela_stard3_er,EMPIAR-13156,ctrl_00028,sparse,8,Ctrl/ROI_CICGFA_726.tif,0.422,0.000201,0.0001,0.013333,0.000101,0.000201,0.997627,0.999982,4,296,39512,16737404,39516,300,2497440,0.015823,0.0,0.0,ok
deepcontact_er,er,empiar_13156_hela_stard3_er,EMPIAR-13156,ctrl_00029,sparse,8,Ctrl/ROI_CICGFA_751.tif,0.427,0.0,0.0,0.0,0.0,0.0,0.997803,0.999915,0,1415,35438,16740363,35438,1415,2563839,0.013822,0.0,0.0,ok
deepcontact_er,er,empiar_13156_hela_stard3_er,EMPIAR-13156,ctrl_00030,sparse,8,Ctrl/ROI_CICGFA_776.tif,0.43,0.0,0.0,0.0,0.0,0.0,0.997502,0.999984,0,272,41638,16735306,41638,272,2676132,0.015559,0.0,0.0,ok
deepcontact_er,er,empiar_13156_hela_stard3_er,EMPIAR-13156,ctrl_00031,sparse,8,Ctrl/ROI_CICGFA_801.tif,0.417,0.0,0.0,0.0,0.0,0.0,0.997639,0.99998,0,337,39282,16737597,39282,337,2667132,0.014728,0.0,0.0,ok
deepcontact_er,er,empiar_13156_hela_stard3_er,EMPIAR-13156,ctrl_00032,sparse,8,Ctrl/ROI_CICGFA_826.tif,0.423,5.2e-05,2.6e-05,0.00096,2.7e-05,5.2e-05,0.997693,0.999938,1,1041,37656,16738518,37657,1042,2547688,0.014781,0.0,0.004393,ok
deepcontact_er,er,empiar_13156_hela_stard3_er,EMPIAR-13156,ctrl_00033,sparse,8,Ctrl/ROI_CICGFA_851.tif,0.406,0.0,0.0,0.0,0.0,0.0,0.998047,0.999941,0,994,31771,16744451,31771,994,2575496,0.012336,0.0,0.0,ok
deepcontact_er,er,empiar_13156_hela_stard3_er,EMPIAR-13156,ctrl_00034,sparse,8,Ctrl/ROI_CICGFA_876.tif,0.429,0.0,0.0,0.0,0.0,0.0,0.997155,0.999868,0,2214,45523,16729479,45523,2214,2594466,0.017546,0.0,0.0,ok
deepcontact_er,er,empiar_13156_hela_stard3_er,EMPIAR-13156,ctrl_00035,sparse,8,Ctrl/ROI_CICGFA_901.tif,0.473,0.0,0.0,0.0,0.0,0.0,0.997123,0.999938,0,1042,47222,16728952,47222,1042,2608281,0.018105,0.0,0.0,ok
deepcontact_er,er,empiar_13156_hela_stard3_er,EMPIAR-13156,ctrl_00036,sparse,8,Ctrl/ROI_CICGFA_926.tif,0.498,0.000169,8.5e-05,0.002332,8.8e-05,0.000169,0.99718,0.999898,4,1711,45599,16729902,45603,1715,2893934,0.015758,0.0,0.0032,ok
deepcontact_er,er,empiar_13156_hela_stard3_er,EMPIAR-13156,ctrl_00037,sparse,8,Ctrl/ROI_CICGFA_951.tif,0.433,0.0,0.0,0.0,0.0,0.0,0.997432,0.999889,0,1858,41230,16734128,41230,1858,2678544,0.015393,0.0,0.0,ok
deepcontact_er,er,empiar_13156_hela_stard3_er,EMPIAR-13156,ctrl_00038,sparse,8,Ctrl/ROI_CICGFA_976.tif,0.455,0.0,0.0,0.0,0.0,0.0,0.997367,0.999784,0,3613,40565,16733038,40565,3613,2590802,0.015657,0.0,0.0,ok
deepcontact_er,er,empiar_13156_hela_stard3_er,EMPIAR-13156,star_00039,partial,5,STARD3_WT/image_001.tif,0.594,0.0,0.0,0.0,0.0,0.0,0.999174,0.999948,0,872,12979,16763365,12979,872,1378350,0.009416,0.0,0.0,ok
deepcontact_er,er,empiar_13156_hela_stard3_er,EMPIAR-13156,star_00040,partial,5,STARD3_WT/image_041.tif,0.578,0.003058,0.001531,0.047619,0.00158,0.003058,0.996891,0.999904,80,1600,50560,16724976,50640,1680,1669492,0.030333,0.0,0.0,ok
deepcontact_er,er,empiar_13156_hela_stard3_er,EMPIAR-13156,star_00041,partial,5,STARD3_WT/image_081.tif,0.636,0.0,0.0,0.0,0.0,0.0,0.997828,0.999967,0,552,35880,16740784,35880,552,1933395,0.018558,0.0,0.0,ok
deepcontact_er,er,empiar_13156_hela_stard3_er,EMPIAR-13156,star_00042,partial,5,STARD3_WT/image_121.tif,0.859,0.0,0.0,nan,0.0,0.0,0.998158,1.0,0,0,30900,16746316,30900,0,2273400,0.013592,0.0,0.0,ok
deepcontact_er,er,empiar_13156_hela_stard3_er,EMPIAR-13156,star_00043,partial,5,STARD3_WT/image_161.tif,0.568,0.0,0.0,0.0,0.0,0.0,0.997154,0.999974,0,436,47310,16729470,47310,436,3065652,0.015432,0.0,0.0,ok
deepcontact_er,er,empiar_13156_hela_stard3_er,EMPIAR-13156,star_00044,partial,5,STARD3_WT/image_201.tif,0.558,0.0,0.0,0.0,0.0,0.0,0.996688,0.999673,0,5464,50096,16721656,50096,5464,2948040,0.016993,0.0,0.0,ok
deepcontact_er,er,empiar_13156_hela_stard3_er,EMPIAR-13156,star_00045,partial,5,STARD3_WT/image_241.tif,0.57,0.0,0.0,0.0,0.0,0.0,0.996673,0.999877,0,2060,53758,16721398,53758,2060,3017454,0.017816,0.0,0.0,ok
deepcontact_er,er,empiar_13156_hela_stard3_er,EMPIAR-13156,star_00046,partial,5,STARD3_WT/image_281.tif,0.57,0.0,0.0,nan,0.0,0.0,0.99811,1.0,0,0,31705,16745511,31705,0,2735272,0.011591,0.0,0.0,ok
deepcontact_er,er,empiar_13156_hela_stard3_er,EMPIAR-13156,star_00047,partial,5,STARD3_WT/image_321.tif,0.857,0.0,0.0,0.0,0.0,0.0,0.998355,0.999976,0,408,27198,16749610,27198,408,3075870,0.008842,0.0,0.0,ok
deepcontact_er,er,empiar_13156_hela_stard3_er,EMPIAR-13156,star_00048,partial,5,STARD3_WT/image_361.tif,0.556,0.000692,0.000346,0.006925,0.000364,0.000692,0.996555,0.999828,20,2868,54927,16719401,54947,2888,3247162,0.016922,0.00248,0.0,ok
deepcontact_er,er,empiar_13156_hela_stard3_er,EMPIAR-13156,star_00049,partial,5,STARD3_WT/image_401.tif,0.613,0.0,0.0,0.0,0.0,0.0,0.99531,0.999329,0,11216,67477,16698523,67477,11216,3214710,0.02099,0.0,0.0,ok
deepcontact_er,er,empiar_13156_hela_stard3_er,EMPIAR-13156,star_00050,partial,5,STARD3_WT/image_441.tif,0.642,0.0,0.0,0.0,0.0,0.0,0.998653,0.999998,0,36,22556,16754624,22556,36,1821246,0.012385,0.0,0.0,ok
deepcontact_er,er,empiar_13156_hela_stard3_er,EMPIAR-13156,star_00051,partial,5,STARD3_WT/image_481.tif,0.584,0.004445,0.002228,0.123377,0.002263,0.004445,0.997971,0.999968,76,540,33501,16743099,33577,616,2440251,0.01376,0.016474,0.0,ok
deepcontact_er,er,empiar_13156_hela_stard3_er,EMPIAR-13156,star_00052,partial,5,STARD3_WT/image_521.tif,0.555,0.0,0.0,0.0,0.0,0.0,0.99753,0.999992,0,128,41306,16735782,41306,128,2731590,0.015122,0.0,0.0,ok
deepcontact_er,er,empiar_13156_hela_stard3_er,EMPIAR-13156,star_00053,partial,5,STARD3_WT/image_561.tif,0.549,0.025755,0.013046,0.079748,0.015357,0.025755,0.998629,0.999791,304,3508,19491,16753913,19795,3812,2285003,0.008663,0.045077,0.016838,ok
deepcontact_er,er,empiar_13156_hela_stard3_er,EMPIAR-13156,star_00054,partial,5,STARD3_WT/image_601.tif,0.568,0.016611,0.008375,0.178445,0.008711,0.016611,0.997149,0.999889,404,1860,45974,16728978,46378,2264,2215042,0.020938,0.039506,0.019517,ok
deepcontact_er,er,empiar_13156_hela_stard3_er,EMPIAR-13156,star_00055,partial,5,STARD3_WT/image_641.tif,0.576,0.001409,0.000705,0.142857,0.000708,0.001409,0.997972,0.999991,24,144,33874,16743174,33898,168,2311686,0.014664,0.0,0.0,ok
deepcontact_er,er,empiar_13156_hela_stard3_er,EMPIAR-13156,star_00056,partial,5,STARD3_WT/image_681.tif,0.587,0.037534,0.019126,0.660377,0.019316,0.037534,0.99786,0.999978,700,360,35540,16740616,36240,1060,2483695,0.014591,0.080133,0.020988,ok
deepcontact_er,er,empiar_13156_hela_stard3_er,EMPIAR-13156,star_00057,partial,5,STARD3_WT/image_721.tif,0.617,0.0,0.0,nan,0.0,0.0,0.99815,1.0,0,0,31038,16746178,31038,0,2197811,0.014122,0.0,0.0,ok
deepcontact_er,er,empiar_13156_hela_stard3_er,EMPIAR-13156,star_00058,partial,5,STARD3_WT/image_761.tif,0.541,0.0,0.0,nan,0.0,0.0,0.998156,1.0,0,0,30930,16746286,30930,0,1800435,0.017179,0.0,0.0,ok
deepcontact_er,er,empiar_13156_hela_stard3_er,EMPIAR-13156,star_00059,partial,5,STARD3_WT/image_801.tif,0.602,0.0,0.0,nan,0.0,0.0,0.998943,1.0,0,0,17733,16759483,17733,0,1702241,0.010417,0.0,0.0,ok
deepcontact_er,er,empiar_13156_hela_stard3_er,EMPIAR-13156,star_00060,sparse,8,STARD3_FA_YA/image001.tif,0.431,0.0,0.0,0.0,0.0,0.0,0.999118,0.999999,0,15,14778,16762423,14778,15,295110,0.050076,0.0,0.0,ok
deepcontact_er,er,empiar_13156_hela_stard3_er,EMPIAR-13156,star_00061,sparse,8,STARD3_FA_YA/image026.tif,0.491,0.001055,0.000528,0.012461,0.000551,0.001055,0.999097,0.999962,8,634,14511,16762063,14519,642,332898,0.043614,0.0,0.0,ok
deepcontact_er,er,empiar_13156_hela_stard3_er,EMPIAR-13156,star_00062,sparse,8,STARD3_FA_YA/image051.tif,0.437,0.0,0.0,0.0,0.0,0.0,0.999004,0.999844,0,2618,14093,16760505,14093,2618,439479,0.032068,0.0,0.0,ok
deepcontact_er,er,empiar_13156_hela_stard3_er,EMPIAR-13156,star_00063,sparse,8,STARD3_FA_YA/image076.tif,0.48,0.0,0.0,0.0,0.0,0.0,0.9994,0.999812,0,3145,6929,16767142,6929,3145,444125,0.015601,0.0,0.0,ok
deepcontact_er,er,empiar_13156_hela_stard3_er,EMPIAR-13156,star_00064,sparse,8,STARD3_FA_YA/image101.tif,0.431,0.0,0.0,0.0,0.0,0.0,0.999563,0.999849,0,2530,4803,16769883,4803,2530,499944,0.009607,0.0,0.0,ok
deepcontact_er,er,empiar_13156_hela_stard3_er,EMPIAR-13156,star_00065,sparse,8,STARD3_FA_YA/image126.tif,0.423,0.0,0.0,0.0,0.0,0.0,0.99958,0.999978,0,371,6669,16770176,6669,371,471393,0.014147,0.0,0.0,ok
deepcontact_er,er,empiar_13156_hela_stard3_er,EMPIAR-13156,star_00066,sparse,8,STARD3_FA_YA/image151.tif,0.413,0.0,0.0,0.0,0.0,0.0,0.999682,0.999919,0,1367,3974,16771875,3974,1367,472770,0.008406,0.0,0.0,ok
deepcontact_er,er,empiar_13156_hela_stard3_er,EMPIAR-13156,star_00067,sparse,8,STARD3_FA_YA/image176.tif,0.413,0.0,0.0,0.0,0.0,0.0,0.999507,0.999986,0,238,8030,16768948,8030,238,622528,0.012899,0.0,0.0,ok
deepcontact_er,er,empiar_13156_hela_stard3_er,EMPIAR-13156,star_00068,sparse,8,STARD3_FA_YA/image201.tif,0.412,0.0,0.0,0.0,0.0,0.0,0.999528,0.999974,0,440,7486,16769290,7486,440,626400,0.011951,0.0,0.0,ok
deepcontact_er,er,empiar_13156_hela_stard3_er,EMPIAR-13156,star_00069,sparse,8,STARD3_FA_YA/image226.tif,0.423,0.0,0.0,0.0,0.0,0.0,0.999615,0.999979,0,353,6106,16770757,6106,353,645474,0.00946,0.0,0.0,ok
deepcontact_er,er,empiar_13156_hela_stard3_er,EMPIAR-13156,star_00070,sparse,8,STARD3_FA_YA/image251.tif,0.417,0.0,0.0,0.0,0.0,0.0,0.999224,0.99991,0,1503,11519,16764194,11519,1503,704688,0.016346,0.0,0.0,ok
deepcontact_er,er,empiar_13156_hela_stard3_er,EMPIAR-13156,star_00071,sparse,8,STARD3_FA_YA/image276.tif,0.417,0.0,0.0,0.0,0.0,0.0,0.999005,0.999701,0,5010,11682,16760524,11682,5010,1132738,0.010313,0.0,0.0,ok
deepcontact_er,er,empiar_13156_hela_stard3_er,EMPIAR-13156,star_00072,sparse,8,STARD3_FA_YA/image301.tif,0.451,0.0,0.0,0.0,0.0,0.0,0.99919,0.999993,0,114,13470,16763632,13470,114,795744,0.016928,0.0,0.0,ok
deepcontact_er,er,empiar_13156_hela_stard3_er,EMPIAR-13156,star_00073,sparse,8,STARD3_FA_YA/image326.tif,0.428,0.0,0.0,0.0,0.0,0.0,0.999004,0.999561,0,7361,9342,16760513,9342,7361,1200615,0.007781,0.0,0.0,ok
deepcontact_er,er,empiar_13156_hela_stard3_er,EMPIAR-13156,star_00074,sparse,8,STARD3_FA_YA/image351.tif,0.447,0.0,0.0,0.0,0.0,0.0,0.999387,0.999872,0,2152,8140,16766924,8140,2152,794664,0.010243,0.0,0.0,ok
deepcontact_er,er,empiar_13156_hela_stard3_er,EMPIAR-13156,star_00075,sparse,8,STARD3_FA_YA/image376.tif,0.446,0.0,0.0,0.0,0.0,0.0,0.9989,0.999445,0,9303,9147,16758766,9147,9303,1524453,0.006,0.0,0.0,ok
deepcontact_er,er,empiar_13156_hela_stard3_er,EMPIAR-13156,star_00076,sparse,8,STARD3_FA_YA/image401.tif,0.423,0.0,0.0,0.0,0.0,0.0,0.998916,0.999459,0,9066,9126,16759024,9126,9066,1658727,0.005502,0.0,0.0,ok
deepcontact_er,er,empiar_13156_hela_stard3_er,EMPIAR-13156,star_00077,sparse,8,STARD3_FA_YA/image426.tif,0.44,0.0,0.0,0.0,0.0,0.0,0.999107,0.999766,0,3921,11065,16762230,11065,3921,1623625,0.006815,0.0,0.0,ok
deepcontact_er,er,empiar_13156_hela_stard3_er,EMPIAR-13156,star_00078,sparse,8,STARD3_FA_YA/image451.tif,0.425,0.0,0.0,0.0,0.0,0.0,0.998958,0.999699,0,5050,12426,16759740,12426,5050,1689050,0.007357,0.0,0.0,ok
deepcontact_er,er,empiar_13156_hela_stard3_er,EMPIAR-13156,star_00079,sparse,8,STARD3_FA_YA/image476.tif,0.415,0.0,0.0,0.0,0.0,0.0,0.999229,0.999864,0,2275,10657,16764284,10657,2275,1754610,0.006074,0.0,0.0,ok
deepcontact_er,er,empiar_13156_hela_stard3_er,EMPIAR-13156,star_00080,sparse,8,STARD3_FA_YA/image501.tif,0.417,0.0,0.0,0.0,0.0,0.0,0.999292,0.99975,0,4199,7674,16765343,7674,4199,1725175,0.004448,0.0,0.0,ok
deepcontact_er,er,empiar_13156_hela_stard3_er,EMPIAR-13156,star_00081,sparse,8,STARD3_FA_YA/image526.tif,0.516,0.0,0.0,0.0,0.0,0.0,0.999039,0.999758,0,4062,12058,16761096,12058,4062,1913150,0.006303,0.0,0.0,ok
deepcontact_er,er,empiar_13156_hela_stard3_er,EMPIAR-13156,star_00082,sparse,8,STARD3_FA_YA/image551.tif,0.463,0.0,0.0,0.0,0.0,0.0,0.999713,0.999855,0,2425,2386,16772405,2386,2425,1772544,0.001346,0.0,0.0,ok
deepcontact_er,er,empiar_13156_hela_stard3_er,EMPIAR-13156,star_00083,sparse,8,STARD3_FA_YA/image576.tif,0.411,0.0,0.0,0.0,0.0,0.0,0.999203,0.999736,0,4430,8944,16763842,8944,4430,2231080,0.004009,0.0,0.0,ok
deepcontact_er,er,lab_islet_liver_er,islet/liver-ER,C57_August_CD1_Islet1_5nm_00000,sparse,5.0,C57_August_CD1_Islet1_5nm (52da818e-dd00-455e-9ffa-acaf33ca03d3),0.132,0.093036,0.048787,0.167311,0.064432,0.093036,0.999598,0.999897,346,1722,5024,16770124,5370,2068,90022,0.059652,0.141343,0.063169,ok
deepcontact_er,er,lab_islet_liver_er,islet/liver-ER,C57_August_CD1_Islet1_5nm_00001,sparse,5.0,C57_August_CD1_Islet1_5nm (52da818e-dd00-455e-9ffa-acaf33ca03d3),0.122,0.0,0.0,nan,0.0,0.0,0.999568,1.0,0,0,7247,16769969,7247,0,105848,0.068466,0.0,0.0,ok
deepcontact_er,er,lab_islet_liver_er,islet/liver-ER,C57_August_CD1_Islet1_5nm_00002,sparse,5.0,C57_August_CD1_Islet1_5nm (52da818e-dd00-455e-9ffa-acaf33ca03d3),0.136,0.005684,0.00285,0.016386,0.003438,0.005684,0.99927,0.999875,35,2101,10145,16764935,10180,2136,213532,0.047674,0.009592,0.011604,ok
deepcontact_er,er,lab_islet_liver_er,islet/liver-ER,C57_August_CD1_Islet1_5nm_00003,sparse,5.0,C57_August_CD1_Islet1_5nm (52da818e-dd00-455e-9ffa-acaf33ca03d3),0.14,0.102837,0.054206,0.3227,0.061164,0.102837,0.999548,0.999946,435,913,6677,16769191,7112,1348,167790,0.042386,0.104467,0.038493,ok
deepcontact_er,er,lab_islet_liver_er,islet/liver-ER,C57_August_CD1_Islet1_5nm_00004,sparse,5.0,C57_August_CD1_Islet1_5nm (52da818e-dd00-455e-9ffa-acaf33ca03d3),0.145,0.0,0.0,nan,0.0,0.0,0.999596,1.0,0,0,6778,16770438,6778,0,65520,0.103449,0.0,0.0,ok
deepcontact_er,er,lab_islet_liver_er,islet/liver-ER,C57_August_CD1_Islet1_5nm_00005,sparse,5.0,C57_August_CD1_Islet1_5nm (52da818e-dd00-455e-9ffa-acaf33ca03d3),0.13,0.04327,0.022113,0.451852,0.022723,0.04327,0.999678,0.999991,122,148,5247,16771699,5369,270,82302,0.065235,0.0,0.038615,ok
deepcontact_er,er,lab_islet_liver_er,islet/liver-ER,C57_August_CD2_Islet1_5nm_00000,sparse,5.0,C57_August_CD2_Islet1_5nm (653b3562-e697-40c1-9387-a1fc566be74a),0.166,0.15394,0.083389,0.254039,0.110428,0.15394,0.999588,0.99989,629,1847,5067,16769673,5696,2476,110679,0.051464,0.151963,0.124186,ok
deepcontact_er,er,lab_islet_liver_er,islet/liver-ER,C57_August_CD2_Islet1_5nm_00001,sparse,5.0,C57_August_CD2_Islet1_5nm (653b3562-e697-40c1-9387-a1fc566be74a),0.139,0.0,0.0,0.0,0.0,0.0,0.999858,0.999972,0,472,1902,16774842,1902,472,30690,0.061975,0.0,0.0,ok
deepcontact_er,er,lab_islet_liver_er,islet/liver-ER,C57_August_CD2_Islet1_5nm_00002,sparse,5.0,C57_August_CD2_Islet1_5nm (653b3562-e697-40c1-9387-a1fc566be74a),0.145,0.349892,0.212042,0.366398,0.334809,0.349892,0.998509,0.999305,6730,11638,13371,16745477,20101,18368,145184,0.138452,0.426347,0.144184,ok
deepcontact_er,er,lab_islet_liver_er,islet/liver-ER,C57_August_CD2_Islet1_5nm_00003,sparse,5.0,C57_August_CD2_Islet1_5nm (653b3562-e697-40c1-9387-a1fc566be74a),0.175,0.033285,0.016924,0.172285,0.018422,0.033285,0.999681,0.999974,92,442,4902,16771780,4994,534,92274,0.054121,0.018718,0.046155,ok
deepcontact_er,er,lab_islet_liver_er,islet/liver-ER,C57_August_CD2_Islet1_5nm_00004,sparse,5.0,C57_August_CD2_Islet1_5nm (653b3562-e697-40c1-9387-a1fc566be74a),0.152,0.005819,0.002918,0.003953,0.011024,0.005819,0.99943,0.999579,28,7056,2512,16767620,2540,7084,104601,0.024283,0.022936,0.018739,ok
deepcontact_er,er,lab_islet_liver_er,islet/liver-ER,C57_August_CD2_Islet1_5nm_00005,sparse,5.0,C57_August_CD2_Islet1_5nm (653b3562-e697-40c1-9387-a1fc566be74a),0.148,0.000426,0.000213,0.125,0.000213,0.000426,0.99944,0.999999,2,14,9378,16767822,9380,16,96120,0.097586,0.0,0.008134,ok
deepcontact_er,er,lab_islet_liver_er,islet/liver-ER,C57_August_CD2_Islet1_5nm_00006,sparse,5.0,C57_August_CD2_Islet1_5nm (653b3562-e697-40c1-9387-a1fc566be74a),0.137,0.215852,0.120983,0.377804,0.151086,0.215852,0.999861,0.999969,320,527,1798,16774571,2118,847,22344,0.094791,0.325721,0.199571,ok
deepcontact_er,er,lab_islet_liver_er,islet/liver-ER,C57_August_CD3_Islet1_5nm_00000,sparse,5.0,C57_August_CD3_Islet1_5nm (ff41fb16-1ae0-4fea-a19c-8573dec13b9b),0.131,0.059173,0.030489,0.070723,0.050866,0.059173,0.998235,0.99927,931,12233,17372,16746680,18303,13164,201940,0.090636,0.068447,0.059035,ok
deepcontact_er,er,lab_islet_liver_er,islet/liver-ER,C57_August_CD3_Islet1_5nm_00001,sparse,5.0,C57_August_CD3_Islet1_5nm (ff41fb16-1ae0-4fea-a19c-8573dec13b9b),0.121,0.134718,0.072224,0.126265,0.144385,0.134718,0.998605,0.999248,1822,12608,10797,16751989,12619,14430,127696,0.098821,0.153773,0.124715,ok
deepcontact_er,er,lab_islet_liver_er,islet/liver-ER,C57_August_CD3_Islet1_5nm_00002,sparse,5.0,C57_August_CD3_Islet1_5nm (ff41fb16-1ae0-4fea-a19c-8573dec13b9b),0.121,0.039293,0.02004,0.031695,0.051681,0.039293,0.996838,0.998022,1085,33147,19909,16723075,20994,34232,177572,0.118228,0.058628,0.048787,ok
deepcontact_er,er,lab_islet_liver_er,islet/liver-ER,C57_August_CD3_Islet1_5nm_00003,sparse,5.0,C57_August_CD3_Islet1_5nm (ff41fb16-1ae0-4fea-a19c-8573dec13b9b),0.129,0.102498,0.054017,0.0897,0.119555,0.102498,0.998676,0.999233,1268,12868,9338,16753742,10606,14136,140188,0.075656,0.11256,0.082907,ok
deepcontact_er,er,lab_islet_liver_er,islet/liver-ER,C57_August_CR1_Islet1_5nm_00000,sparse,5.0,C57_August_CR1_Islet1_5nm (35bc272b-5c55-4216-997e-b60163e05e4a),0.125,0.122854,0.065447,0.129163,0.117133,0.122854,0.998699,0.999385,1528,10302,11517,16753869,13045,11830,130325,0.100096,0.135635,0.049402,ok
deepcontact_er,er,lab_islet_liver_er,islet/liver-ER,C57_August_CR1_Islet1_5nm_00001,sparse,5.0,C57_August_CR1_Islet1_5nm (35bc272b-5c55-4216-997e-b60163e05e4a),0.144,0.254734,0.145957,0.204494,0.3377,0.254734,0.998876,0.999252,3222,12534,6319,16755141,9541,15756,144228,0.066152,0.294987,0.173824,ok
deepcontact_er,er,lab_islet_liver_er,islet/liver-ER,C57_August_CR2_Islet2_5nm_00000,sparse,5.0,C57_August_CR2_Islet2_5nm (cb5d7426-6157-420b-907a-b7b295cb9d14),0.157,0.101018,0.053196,0.474265,0.056529,0.101018,0.999453,0.999966,516,572,8612,16767516,9128,1088,114933,0.07942,0.108456,0.111803,ok
deepcontact_er,er,lab_islet_liver_er,islet/liver-ER,C57_August_CR2_Islet2_5nm_00001,sparse,5.0,C57_August_CR2_Islet2_5nm (cb5d7426-6157-420b-907a-b7b295cb9d14),0.141,0.458332,0.297296,0.429899,0.490792,0.458332,0.999088,0.999488,6476,8588,6719,16755433,13195,15064,189154,0.069758,0.530713,0.188959,ok
deepcontact_er,er,lab_islet_liver_er,islet/liver-ER,C57_August_CR3_Islet1_5nm_00000,sparse,5.0,C57_August_CR3_Islet1_5nm (eec267e5-ef64-4d24-b3a0-b719965ba1db),0.162,0.321951,0.19186,0.277032,0.384254,0.321951,0.998891,0.999312,4417,11527,7078,16754194,11495,15944,218624,0.052579,0.43934,0.17053,ok
deepcontact_er,er,lab_islet_liver_er,islet/liver-ER,C57_August_CR3_Islet1_5nm_00001,sparse,5.0,C57_August_CR3_Islet1_5nm (eec267e5-ef64-4d24-b3a0-b719965ba1db),0.158,0.368389,0.225782,0.331686,0.414225,0.368389,0.997284,0.998401,13290,26778,18794,16718354,32084,40068,257048,0.124817,0.383684,0.206801,ok
deepcontact_er,er,lab_islet_liver_er,islet/liver-ER,C57_August_CR3_Islet2_5nm_00000,sparse,5.0,C57_August_CR3_Islet2_5nm (11f3e2c0-415f-4f10-b77d-5b9d44403374),0.163,0.08273,0.04315,0.058845,0.139252,0.08273,0.999154,0.99939,640,10236,3956,16762384,4596,10876,53654,0.08566,0.080061,0.076232,ok
deepcontact_er,er,lab_islet_liver_er,islet/liver-ER,Liver_13C_Wafer1_Section1_1h_5nm_00000,sparse,5.0,Liver_13C_Wafer1_Section1_1h_5nm (68bfadaf-3f24-418c-b038-cdd3471f23b9),0.166,0.441223,0.283057,0.402599,0.488045,0.441223,0.992783,0.995747,47803,70933,50145,16608335,97948,118736,1004544,0.097505,0.459683,0.255741,ok
deepcontact_er,er,lab_islet_liver_er,islet/liver-ER,Liver_13C_Wafer1_Section1_1h_5nm_00001,sparse,5.0,Liver_13C_Wafer1_Section1_1h_5nm (68bfadaf-3f24-418c-b038-cdd3471f23b9),0.132,0.375659,0.231268,0.378218,0.373133,0.375659,0.994836,0.997435,26063,42847,43786,16664520,69849,68910,594828,0.117427,0.357631,0.072706,ok
deepcontact_er,er,lab_islet_liver_er,islet/liver-ER,Liver_13C_Wafer1_Section1_1h_5nm_00002,sparse,5.0,Liver_13C_Wafer1_Section1_1h_5nm (68bfadaf-3f24-418c-b038-cdd3471f23b9),0.144,0.333407,0.200053,0.355376,0.313996,0.333407,0.995844,0.998108,17439,31633,38100,16690044,55539,49072,786324,0.070631,0.356066,0.115716,ok
deepcontact_er,er,lab_islet_liver_er,islet/liver-ER,Liver_13C_Wafer1_Section1_1h_5nm_00003,sparse,5.0,Liver_13C_Wafer1_Section1_1h_5nm (68bfadaf-3f24-418c-b038-cdd3471f23b9),0.153,0.370861,0.227642,0.429627,0.326237,0.370861,0.992795,0.997162,35629,47301,73583,16620703,109212,82930,725868,0.150457,0.393676,0.11163,ok
deepcontact_er,er,lab_islet_liver_er,islet/liver-ER,Liver_13C_Wafer1_Section1_1h_5nm_00004,sparse,5.0,Liver_13C_Wafer1_Section1_1h_5nm (68bfadaf-3f24-418c-b038-cdd3471f23b9),0.158,0.49288,0.327034,0.523488,0.465654,0.49288,0.992887,0.99683,57993,52789,66548,16599886,124541,110782,1053696,0.118194,0.520352,0.315588,ok
deepcontact_er,er,lab_islet_liver_er,islet/liver-ER,Liver_13C_Wafer1_Section1_1h_5nm_00005,sparse,5.0,Liver_13C_Wafer1_Section1_1h_5nm (68bfadaf-3f24-418c-b038-cdd3471f23b9),0.179,0.0,0.0,nan,0.0,0.0,0.991283,1.0,0,0,146248,16630968,146248,0,750905,0.194762,0.0,0.0,ok
deepcontact_er,er,lab_islet_liver_er,islet/liver-ER,Liver_13C_Wafer1_Section2_2_5h_5nm_00000,sparse,5.0,Liver_13C_Wafer1_Section2_2_5h_5nm (2013eb07-4dc4-4e54-bd84-60da68eaea58),0.155,0.348893,0.211309,0.440077,0.28901,0.348893,0.996343,0.998749,16436,20912,40434,16699434,56870,37348,765625,0.074279,0.384269,0.125176,ok
deepcontact_er,er,lab_islet_liver_er,islet/liver-ER,Liver_13C_Wafer1_Section2_2_5h_5nm_00001,sparse,5.0,Liver_13C_Wafer1_Section2_2_5h_5nm (2013eb07-4dc4-4e54-bd84-60da68eaea58),0.136,0.010252,0.005153,0.145076,0.005314,0.010252,0.995592,0.999865,383,2257,71692,16702884,72075,2640,386636,0.186416,0.0,0.006403,ok
deepcontact_er,er,lab_islet_liver_er,islet/liver-ER,Liver_13C_Wafer1_Section2_2_5h_5nm_00002,sparse,5.0,Liver_13C_Wafer1_Section2_2_5h_5nm (2013eb07-4dc4-4e54-bd84-60da68eaea58),0.136,0.036567,0.018624,0.53911,0.018925,0.036567,0.989956,0.999835,3198,2734,165784,16605500,168982,5932,774175,0.218274,0.04734,0.032018,ok
deepcontact_er,er,lab_islet_liver_er,islet/liver-ER,Liver_13C_Wafer1_Section2_2_5h_5nm_00003,sparse,5.0,Liver_13C_Wafer1_Section2_2_5h_5nm (2013eb07-4dc4-4e54-bd84-60da68eaea58),0.138,0.348948,0.211349,0.448349,0.285624,0.348948,0.991456,0.99716,38415,47266,96080,16595455,134495,85681,728355,0.184656,0.416831,0.103448,ok
deepcontact_er,er,lab_islet_liver_er,islet/liver-ER,Liver_13C_Wafer1_Section2_2_5h_5nm_00004,sparse,5.0,Liver_13C_Wafer1_Section2_2_5h_5nm (2013eb07-4dc4-4e54-bd84-60da68eaea58),0.329,0.072313,0.037513,0.523109,0.038841,0.072313,0.993907,0.999782,3984,3632,98587,16671013,102571,7616,648270,0.158223,0.079301,0.031654,ok
deepcontact_er,er,lab_islet_liver_er,islet/liver-ER,Liver_13C_Wafer1_Section2_2_5h_5nm_00005,sparse,5.0,Liver_13C_Wafer1_Section2_2_5h_5nm (2013eb07-4dc4-4e54-bd84-60da68eaea58),0.133,0.013197,0.006642,0.454545,0.006696,0.013197,0.996434,0.999971,400,480,59341,16716995,59741,880,482735,0.123755,0.001421,0.021174,ok
deepcontact_er,er,lab_islet_liver_er,islet/liver-ER,Liver_13C_Wafer1_Section2_2_5h_5nm_00006,sparse,5.0,Liver_13C_Wafer1_Section2_2_5h_5nm (2013eb07-4dc4-4e54-bd84-60da68eaea58),0.135,0.049763,0.025516,0.185573,0.028734,0.049763,0.99367,0.999268,2781,12205,94003,16668227,96784,14986,725783,0.133351,0.070209,0.013543,ok
deepcontact_er,er,lab_islet_liver_er,islet/liver-ER,Liver_13C_Wafer1_Section2_2_5h_5nm_00007,sparse,5.0,Liver_13C_Wafer1_Section2_2_5h_5nm (2013eb07-4dc4-4e54-bd84-60da68eaea58),0.137,0.287071,0.167591,0.464427,0.207739,0.287071,0.992475,0.99824,25419,29313,96941,16625543,122360,54732,863964,0.141626,0.357135,0.099182,ok
deepcontact_er,er,lab_islet_liver_er,islet/liver-ER,Liver_13C_Wafer1_Section2_2_5h_5nm_00008,sparse,5.0,Liver_13C_Wafer1_Section2_2_5h_5nm (2013eb07-4dc4-4e54-bd84-60da68eaea58),0.139,0.0,0.0,nan,0.0,0.0,0.99556,1.0,0,0,74483,16702733,74483,0,523491,0.142281,0.0,0.0,ok
deepcontact_er,er,lab_islet_liver_er,islet/liver-ER,R396_Mosaic_48hour_ROI1_00000,sparse,5.0,R396_Mosaic_48hour_ROI1 (9eb5255b-0e5c-4480-89e2-a73cb3614c5e),0.133,0.0,0.0,nan,0.0,0.0,0.999737,1.0,0,0,4409,16772807,4409,0,97344,0.045293,0.0,0.0,ok
deepcontact_er,er,lab_islet_liver_er,islet/liver-ER,R396_Mosaic_48hour_ROI1_00001,sparse,5.0,R396_Mosaic_48hour_ROI1 (9eb5255b-0e5c-4480-89e2-a73cb3614c5e),0.177,0.0,0.0,nan,0.0,0.0,0.998067,1.0,0,0,32425,16744791,32425,0,163564,0.19824,0.0,0.0,ok
deepcontact_er,er,lab_islet_liver_er,islet/liver-ER,R396_Mosaic_48hour_ROI1_00002,sparse,5.0,R396_Mosaic_48hour_ROI1 (9eb5255b-0e5c-4480-89e2-a73cb3614c5e),0.146,0.264775,0.152588,0.307874,0.232261,0.264775,0.997844,0.999126,6514,14644,21532,16734526,28046,21158,155211,0.180696,0.273439,0.14344,ok
deepcontact_er,er,lab_islet_liver_er,islet/liver-ER,R396_Mosaic_48hour_ROI1_00003,sparse,5.0,R396_Mosaic_48hour_ROI1 (9eb5255b-0e5c-4480-89e2-a73cb3614c5e),0.136,0.224557,0.126479,0.200123,0.255788,0.224557,0.998117,0.998909,4574,18282,13308,16741052,17882,22856,142120,0.125823,0.218781,0.182861,ok
deepcontact_er,er,lab_islet_liver_er,islet/liver-ER,R396_Mosaic_48hour_ROI1_00004,sparse,5.0,R396_Mosaic_48hour_ROI1 (9eb5255b-0e5c-4480-89e2-a73cb3614c5e),0.137,0.260588,0.149814,0.211456,0.339464,0.260588,0.9997,0.999803,886,3304,1724,16771302,2610,4190,42196,0.061854,0.248273,0.193236,ok
deepcontact_er,er,lab_islet_liver_er,islet/liver-ER,R396_Mosaic_48hour_ROI1_00005,sparse,5.0,R396_Mosaic_48hour_ROI1 (9eb5255b-0e5c-4480-89e2-a73cb3614c5e),0.129,0.0,0.0,0.0,0.0,0.0,0.999696,1.0,0,4,5101,16772111,5101,4,101500,0.050256,0.0,0.0,ok
deepcontact_er,er,lab_islet_liver_er,islet/liver-ER,R396_Mosaic_48hour_ROI1_00006,sparse,5.0,R396_Mosaic_48hour_ROI1 (9eb5255b-0e5c-4480-89e2-a73cb3614c5e),0.134,0.320722,0.190988,0.272735,0.389201,0.320722,0.999179,0.999483,3251,8669,5102,16760194,8353,11920,122150,0.068383,0.339145,0.250618,ok
deepcontact_er,er,lab_islet_liver_er,islet/liver-ER,R396_Mosaic_48hour_ROI1_00007,sparse,5.0,R396_Mosaic_48hour_ROI1 (9eb5255b-0e5c-4480-89e2-a73cb3614c5e),0.141,0.008793,0.004416,0.028796,0.005189,0.008793,0.999704,0.999956,22,742,4218,16772234,4240,764,103800,0.040848,0.0,0.023974,ok
deepcontact_er,er,lab_islet_liver_er,islet/liver-ER,R396_Mosaic_48hour_ROI1_00008,sparse,5.0,R396_Mosaic_48hour_ROI1 (9eb5255b-0e5c-4480-89e2-a73cb3614c5e),0.136,0.267072,0.154116,0.223653,0.331409,0.267072,0.999324,0.999572,2067,7175,4170,16763804,6237,9242,55120,0.113153,0.25958,0.179799,ok
deepcontact_er,er,lab_islet_liver_er,islet/liver-ER,R396_Mosaic_48hour_ROI1_00009,sparse,5.0,R396_Mosaic_48hour_ROI1 (9eb5255b-0e5c-4480-89e2-a73cb3614c5e),0.13,0.257867,0.148018,0.220839,0.309814,0.257867,0.998613,0.999149,4044,14268,9009,16749895,13053,18312,142080,0.091871,0.246615,0.108449,ok
deepcontact_er,er,lab_islet_liver_er,islet/liver-ER,R396_Mosaic_48hour_ROI1_00010,sparse,5.0,R396_Mosaic_48hour_ROI1 (9eb5255b-0e5c-4480-89e2-a73cb3614c5e),0.148,0.0,0.0,nan,0.0,0.0,0.999673,1.0,0,0,5483,16771733,5483,0,106904,0.051289,0.0,0.0,ok
deepcontact_er,er,lab_islet_liver_er,islet/liver-ER,R396_Mosaic_48hour_ROI1_00011,sparse,5.0,R396_Mosaic_48hour_ROI1 (9eb5255b-0e5c-4480-89e2-a73cb3614c5e),0.147,0.0,0.0,0.0,0.0,0.0,0.999903,1.0,0,4,1626,16775586,1626,4,62640,0.025958,0.0,0.0,ok
deepcontact_er,er,lab_islet_liver_er,islet/liver-ER,R396_Mosaic_48hour_ROI1_00012,sparse,5.0,R396_Mosaic_48hour_ROI1 (9eb5255b-0e5c-4480-89e2-a73cb3614c5e),0.132,0.285316,0.166396,0.214478,0.426022,0.285316,0.999144,0.999374,2865,10493,3860,16759998,6725,13358,76368,0.08806,0.314018,0.252926,ok
deepcontact_er,er,lab_islet_liver_er,islet/liver-ER,R396_Mosaic_48hour_ROI1_00013,sparse,5.0,R396_Mosaic_48hour_ROI1 (9eb5255b-0e5c-4480-89e2-a73cb3614c5e),0.13,0.049039,0.025136,0.336538,0.026446,0.049039,0.999434,0.999971,245,483,9019,16767469,9264,728,118686,0.078055,0.05307,0.046196,ok
deepcontact_er,er,lab_islet_liver_er,islet/liver-ER,R396_Mosaic_48hour_ROI1_00014,sparse,5.0,R396_Mosaic_48hour_ROI1 (9eb5255b-0e5c-4480-89e2-a73cb3614c5e),0.133,0.432355,0.275799,0.397347,0.474128,0.432355,0.998504,0.999135,9557,14495,10600,16742564,20157,24052,137856,0.146218,0.425094,0.194234,ok
deepcontact_er,er,lab_islet_liver_er,islet/liver-ER,R400_48H_Islet2_00000,sparse,5.0,R400_48H_Islet2 (79ef71d4-69e2-46bd-919d-334a998dd9c7),0.126,0.07684,0.039955,0.148719,0.051803,0.07684,0.997555,0.999416,1707,9771,31245,16734493,32952,11478,343720,0.095869,0.076148,0.051867,ok
deepcontact_er,er,lab_islet_liver_er,islet/liver-ER,R400_48H_Islet2_00001,sparse,5.0,R400_48H_Islet2 (79ef71d4-69e2-46bd-919d-334a998dd9c7),0.464,0.102035,0.05376,0.12767,0.084973,0.102035,0.999461,0.999791,514,3512,5535,16767655,6049,4026,180960,0.033427,0.055297,0.108754,ok
deepcontact_er,er,lab_islet_liver_er,islet/liver-ER,R400_48H_Islet2_00002,sparse,5.0,R400_48H_Islet2 (79ef71d4-69e2-46bd-919d-334a998dd9c7),0.441,0.0,0.0,0.0,0.0,0.0,0.999494,0.999999,0,20,8462,16768734,8462,20,87308,0.096921,0.0,0.0,ok
deepcontact_er,er,lab_islet_liver_er,islet/liver-ER,R400_48H_Islet2_00003,sparse,5.0,R400_48H_Islet2 (79ef71d4-69e2-46bd-919d-334a998dd9c7),0.135,0.030626,0.015551,0.031609,0.029703,0.030626,0.999128,0.999578,231,7077,7546,16762362,7777,7308,189658,0.041005,0.037554,0.031698,ok
deepcontact_er,er,lab_islet_liver_er,islet/liver-ER,R400_48H_Islet2_00004,sparse,5.0,R400_48H_Islet2 (79ef71d4-69e2-46bd-919d-334a998dd9c7),0.143,0.0,0.0,0.0,0.0,0.0,0.999666,0.999996,0,74,5535,16771607,5535,74,131660,0.04204,0.0,0.0,ok
deepcontact_er,er,lab_islet_liver_er,islet/liver-ER,R400_48H_Islet2_00005,sparse,5.0,R400_48H_Islet2 (79ef71d4-69e2-46bd-919d-334a998dd9c7),0.149,0.09212,0.048284,0.250148,0.056455,0.09212,0.998013,0.999697,1691,5069,28262,16742194,29953,6760,272700,0.109839,0.100613,0.052852,ok
deepcontact_er,er,lab_islet_liver_er,islet/liver-ER,R400_48H_Islet2_00006,sparse,5.0,R400_48H_Islet2 (79ef71d4-69e2-46bd-919d-334a998dd9c7),0.135,0.031526,0.016015,0.134952,0.017848,0.031526,0.998759,0.99987,339,2173,18655,16756049,18994,2512,218799,0.08681,0.03006,0.029465,ok
deepcontact_er,er,lab_islet_liver_er,islet/liver-ER,R400_48H_Islet2_00007,sparse,5.0,R400_48H_Islet2 (79ef71d4-69e2-46bd-919d-334a998dd9c7),0.127,0.208237,0.116219,0.223024,0.195289,0.208237,0.997366,0.998791,5812,20248,23949,16727207,29761,26060,421610,0.070589,0.213896,0.125377,ok
deepcontact_er,er,lab_islet_liver_er,islet/liver-ER,R400_48H_Islet2_00008,sparse,5.0,R400_48H_Islet2 (79ef71d4-69e2-46bd-919d-334a998dd9c7),0.143,0.037724,0.019224,0.040217,0.035521,0.037724,0.99754,0.998848,809,19307,21966,16735134,22775,20116,308286,0.073876,0.022405,0.05393,ok
deepcontact_er,er,lab_islet_liver_er,islet/liver-ER,R400_48H_Islet2_00009,sparse,5.0,R400_48H_Islet2 (79ef71d4-69e2-46bd-919d-334a998dd9c7),0.178,0.024868,0.012591,0.123035,0.013832,0.024868,0.997696,0.99979,493,3514,35149,16738060,35642,4007,243718,0.146243,0.023688,0.026816,ok
deepcontact_er,er,lab_islet_liver_er,islet/liver-ER,R400_48H_Islet2_00010,sparse,5.0,R400_48H_Islet2 (79ef71d4-69e2-46bd-919d-334a998dd9c7),0.129,0.044375,0.022691,0.097045,0.028764,0.044375,0.998129,0.999595,729,6783,24615,16745089,25344,7512,275080,0.092133,0.039919,0.053208,ok
deepcontact_er,er,lab_islet_liver_er,islet/liver-ER,R400_48H_Islet2_00011,sparse,5.0,R400_48H_Islet2 (79ef71d4-69e2-46bd-919d-334a998dd9c7),0.133,0.0,0.0,0.0,0.0,0.0,0.997619,0.999965,0,592,39353,16737271,39353,592,242949,0.16198,0.0,0.000899,ok
deepcontact_er,er,lab_islet_liver_er,islet/liver-ER,R400_48H_Islet2_00012,sparse,5.0,R400_48H_Islet2 (79ef71d4-69e2-46bd-919d-334a998dd9c7),0.197,0.172976,0.094676,0.17437,0.171603,0.172976,0.997695,0.998857,4044,19148,19522,16734502,23566,23192,204204,0.115404,0.177126,0.071276,ok
deepcontact_er,er,lab_islet_liver_er,islet/liver-ER,R400_48H_Islet2_00013,sparse,5.0,R400_48H_Islet2 (79ef71d4-69e2-46bd-919d-334a998dd9c7),0.139,0.037286,0.018997,0.071202,0.025256,0.037286,0.997378,0.999336,852,11114,32883,16732367,33735,11966,332212,0.101547,0.031863,0.021298,ok
deepcontact_er,er,lab_islet_liver_er,islet/liver-ER,R400_48H_Islet2_00014,sparse,5.0,R400_48H_Islet2 (79ef71d4-69e2-46bd-919d-334a998dd9c7),0.156,0.00391,0.001959,0.018809,0.002182,0.00391,0.997084,0.999701,96,5008,43906,16728206,44002,5104,264843,0.166144,0.00286,0.005995,ok
deepcontact_er,er,lab_islet_liver_er,islet/liver-ER,R400_48H_Islet2_00015,sparse,5.0,R400_48H_Islet2 (79ef71d4-69e2-46bd-919d-334a998dd9c7),0.171,0.002248,0.001125,0.02694,0.001173,0.002248,0.998677,0.999946,25,903,21291,16754997,21316,928,215760,0.098795,0.0,0.003398,ok
deepcontact_er,er,lab_islet_liver_er,islet/liver-ER,R400_48H_Islet2_00016,sparse,5.0,R400_48H_Islet2 (79ef71d4-69e2-46bd-919d-334a998dd9c7),0.139,0.111807,0.059214,0.182289,0.080631,0.111807,0.997735,0.999359,2392,10730,27274,16736820,29666,13122,259700,0.114232,0.116902,0.050777,ok
deepcontact_er,er,lab_islet_liver_er,islet/liver-ER,R400_48H_Islet2_00017,sparse,5.0,R400_48H_Islet2 (79ef71d4-69e2-46bd-919d-334a998dd9c7),0.134,0.109323,0.057822,0.145934,0.087397,0.109323,0.997427,0.999074,2649,15503,27661,16731403,30310,18152,280314,0.108129,0.131155,0.065626,ok
deepcontact_er,er,lab_islet_liver_er,islet/liver-ER,R400_48H_Islet2_00018,sparse,5.0,R400_48H_Islet2 (79ef71d4-69e2-46bd-919d-334a998dd9c7),0.136,0.064388,0.033265,0.108773,0.045729,0.064388,0.997977,0.999429,1168,9570,24374,16742104,25542,10738,249711,0.102286,0.06686,0.051489,ok
deepcontact_er,er,lab_islet_liver_er,islet/liver-ER,R400_48H_Islet2_00019,sparse,5.0,R400_48H_Islet2 (79ef71d4-69e2-46bd-919d-334a998dd9c7),0.123,0.03506,0.017843,0.390369,0.018354,0.03506,0.99875,0.999964,381,595,20377,16755863,20758,976,91770,0.226196,0.037493,0.01708,ok
deepcontact_er,er,lab_islet_liver_er,islet/liver-ER,R400_48H_Islet2_00020,sparse,5.0,R400_48H_Islet2 (79ef71d4-69e2-46bd-919d-334a998dd9c7),0.143,0.064667,0.033414,0.204744,0.038397,0.064667,0.997738,0.999696,1312,5096,32857,16737951,34169,6408,231756,0.147435,0.070038,0.046109,ok
deepcontact_er,er,lab_islet_liver_er,islet/liver-ER,R400_48H_Islet2_00021,sparse,5.0,R400_48H_Islet2 (79ef71d4-69e2-46bd-919d-334a998dd9c7),0.133,0.056741,0.029199,0.129066,0.036364,0.056741,0.998018,0.999597,1000,6748,26500,16742968,27500,7748,321984,0.085408,0.065153,0.048131,ok
deepcontact_er,er,lab_islet_liver_er,islet/liver-ER,R400_48H_Islet2_00022,sparse,5.0,R400_48H_Islet2 (79ef71d4-69e2-46bd-919d-334a998dd9c7),0.132,0.054973,0.028263,0.193235,0.032045,0.054973,0.996617,0.999588,1651,6893,49871,16718801,51522,8544,272384,0.189152,0.046264,0.031215,ok
deepcontact_er,er,lab_islet_liver_er,islet/liver-ER,R409_T48h_Islet8_bin4_00000,sparse,5.0,R409_T48h_Islet8_bin4 (b41644c0-41ef-423d-a9d0-b8e8a42b15a2),0.129,0.0,0.0,nan,0.0,0.0,0.99906,1.0,0,0,15777,16761439,15777,0,129921,0.121435,0.0,0.0,ok
deepcontact_er,er,lab_islet_liver_er,islet/liver-ER,R409_T48h_Islet8_bin4_00001,sparse,5.0,R409_T48h_Islet8_bin4 (b41644c0-41ef-423d-a9d0-b8e8a42b15a2),0.13,0.036682,0.018684,0.579787,0.01894,0.036682,0.999659,0.999995,109,79,5646,16771382,5755,188,166026,0.034663,0.02867,0.032966,ok
deepcontact_er,er,lab_islet_liver_er,islet/liver-ER,R409_T48h_Islet8_bin4_00002,sparse,5.0,R409_T48h_Islet8_bin4 (b41644c0-41ef-423d-a9d0-b8e8a42b15a2),0.134,0.0,0.0,nan,0.0,0.0,0.999556,1.0,0,0,7451,16769765,7451,0,195909,0.038033,0.0,0.0,ok
deepcontact_er,er,lab_islet_liver_er,islet/liver-ER,R409_T48h_Islet8_bin4_00003,sparse,5.0,R409_T48h_Islet8_bin4 (b41644c0-41ef-423d-a9d0-b8e8a42b15a2),0.134,0.0,0.0,nan,0.0,0.0,0.999323,1.0,0,0,11360,16765856,11360,0,64326,0.1766,0.0,0.0,ok
deepcontact_er,er,lab_islet_liver_er,islet/liver-ER,R409_T48h_Islet8_bin4_00004,sparse,5.0,R409_T48h_Islet8_bin4 (b41644c0-41ef-423d-a9d0-b8e8a42b15a2),0.145,0.0,0.0,0.0,0.0,0.0,0.99969,0.999936,0,1078,4130,16772008,4130,1078,203832,0.020262,0.0,0.0,ok
deepcontact_er,er,lab_islet_liver_er,islet/liver-ER,R409_T48h_Islet8_bin4_00005,sparse,5.0,R409_T48h_Islet8_bin4 (b41644c0-41ef-423d-a9d0-b8e8a42b15a2),0.161,0.0,0.0,nan,0.0,0.0,0.999503,1.0,0,0,8331,16768885,8331,0,113220,0.073582,0.0,0.0,ok
deepcontact_er,er,lab_islet_liver_er,islet/liver-ER,R409_T48h_Islet8_bin4_00006,sparse,5.0,R409_T48h_Islet8_bin4 (b41644c0-41ef-423d-a9d0-b8e8a42b15a2),0.141,0.0,0.0,nan,0.0,0.0,0.999537,1.0,0,0,7762,16769454,7762,0,108539,0.071513,0.0,0.0,ok
deepcontact_er,er,lab_islet_liver_er,islet/liver-ER,R409_T48h_Islet8_bin4_00007,sparse,5.0,R409_T48h_Islet8_bin4 (b41644c0-41ef-423d-a9d0-b8e8a42b15a2),0.145,0.0,0.0,nan,0.0,0.0,0.999379,1.0,0,0,10411,16766805,10411,0,168300,0.06186,0.0,0.0,ok
deepcontact_er,er,lab_islet_liver_er,islet/liver-ER,R409_T48h_Islet8_bin4_00008,sparse,5.0,R409_T48h_Islet8_bin4 (b41644c0-41ef-423d-a9d0-b8e8a42b15a2),0.156,0.0,0.0,nan,0.0,0.0,0.999385,1.0,0,0,10316,16766900,10316,0,140544,0.073401,0.0,0.0,ok
deepcontact_er,er,lab_islet_liver_er,islet/liver-ER,R409_T48h_Islet8_bin4_00009,sparse,5.0,R409_T48h_Islet8_bin4 (b41644c0-41ef-423d-a9d0-b8e8a42b15a2),0.135,0.116183,0.061674,0.316489,0.071151,0.116183,0.999784,0.999969,238,514,3107,16773357,3345,752,81928,0.040829,0.158462,0.065861,ok
deepcontact_er,er,lab_islet_liver_er,islet/liver-ER,R409_T48h_Islet8_bin4_00010,sparse,5.0,R409_T48h_Islet8_bin4 (b41644c0-41ef-423d-a9d0-b8e8a42b15a2),0.155,0.0,0.0,nan,0.0,0.0,0.999627,1.0,0,0,6263,16770953,6263,0,104300,0.060048,0.0,0.0,ok
deepcontact_er,er,lab_islet_liver_er,islet/liver-ER,R409_T48h_Islet8_bin4_00011,sparse,5.0,R409_T48h_Islet8_bin4 (b41644c0-41ef-423d-a9d0-b8e8a42b15a2),0.131,0.0,0.0,nan,0.0,0.0,0.999849,1.0,0,0,2541,16774675,2541,0,113220,0.022443,0.0,0.0,ok
deepcontact_er,er,lab_islet_liver_er,islet/liver-ER,R409_T48h_Islet8_bin4_00012,sparse,5.0,R409_T48h_Islet8_bin4 (b41644c0-41ef-423d-a9d0-b8e8a42b15a2),0.133,0.0,0.0,nan,0.0,0.0,0.999867,1.0,0,0,2224,16774992,2224,0,67816,0.032795,0.0,0.0,ok
deepcontact_er,er,lab_islet_liver_er,islet/liver-ER,R409_T48h_Islet8_bin4_00013,sparse,5.0,R409_T48h_Islet8_bin4 (b41644c0-41ef-423d-a9d0-b8e8a42b15a2),0.137,0.0,0.0,nan,0.0,0.0,0.999676,1.0,0,0,5432,16771784,5432,0,124898,0.043491,0.0,0.0,ok
deepcontact_er,er,lab_islet_liver_er,islet/liver-ER,R409_T48h_Islet8_bin4_00014,sparse,5.0,R409_T48h_Islet8_bin4 (b41644c0-41ef-423d-a9d0-b8e8a42b15a2),0.128,0.0,0.0,nan,0.0,0.0,0.99938,1.0,0,0,10400,16766816,10400,0,70983,0.146514,0.0,0.0,ok
deepcontact_er,er,lab_islet_liver_er,islet/liver-ER,R409_T48h_Islet8_bin4_00015,sparse,5.0,R409_T48h_Islet8_bin4 (b41644c0-41ef-423d-a9d0-b8e8a42b15a2),0.14,0.0,0.0,nan,0.0,0.0,0.999781,1.0,0,0,3669,16773547,3669,0,88844,0.041297,0.0,0.0,ok
deepcontact_er,er,lab_islet_liver_er,islet/liver-ER,R409_T48h_Islet8_bin4_00016,sparse,5.0,R409_T48h_Islet8_bin4 (b41644c0-41ef-423d-a9d0-b8e8a42b15a2),0.155,0.0,0.0,nan,0.0,0.0,0.999784,1.0,0,0,3631,16773585,3631,0,122640,0.029607,0.0,0.0,ok
deepcontact_er,er,lab_islet_liver_er,islet/liver-ER,R409_T48h_Islet8_bin4_00017,sparse,5.0,R409_T48h_Islet8_bin4 (b41644c0-41ef-423d-a9d0-b8e8a42b15a2),0.132,0.0,0.0,nan,0.0,0.0,0.999611,1.0,0,0,6527,16770689,6527,0,89960,0.072554,0.0,0.0,ok
deepcontact_er,er,lab_islet_liver_er,islet/liver-ER,R409_T48h_Islet8_bin4_00018,sparse,5.0,R409_T48h_Islet8_bin4 (b41644c0-41ef-423d-a9d0-b8e8a42b15a2),0.128,0.0,0.0,nan,0.0,0.0,0.999756,1.0,0,0,4101,16773115,4101,0,73272,0.05597,0.0,0.0,ok
deepcontact_er,er,lab_islet_liver_er,islet/liver-ER,R409_T48h_Islet8_bin4_00019,sparse,5.0,R409_T48h_Islet8_bin4 (b41644c0-41ef-423d-a9d0-b8e8a42b15a2),0.131,0.004223,0.002116,0.45,0.002121,0.004223,0.999241,0.999998,27,33,12700,16764456,12727,60,113013,0.112615,0.006325,0.016456,ok
deepcontact_er,er,lab_islet_liver_er,islet/liver-ER,R409_T48h_Islet8_bin4_00020,sparse,5.0,R409_T48h_Islet8_bin4 (b41644c0-41ef-423d-a9d0-b8e8a42b15a2),0.131,0.0,0.0,nan,0.0,0.0,0.999555,1.0,0,0,7463,16769753,7463,0,147028,0.050759,0.0,0.0,ok
deepcontact_er,er,lab_islet_liver_er,islet/liver-ER,R409_T48h_Islet8_bin4_00021,sparse,5.0,R409_T48h_Islet8_bin4 (b41644c0-41ef-423d-a9d0-b8e8a42b15a2),0.129,0.0,0.0,nan,0.0,0.0,0.999545,1.0,0,0,7634,16769582,7634,0,201110,0.037959,0.0,0.0,ok
deepcontact_er,er,lab_islet_liver_er,islet/liver-ER,R409_T48h_Islet8_bin4_00022,sparse,5.0,R409_T48h_Islet8_bin4 (b41644c0-41ef-423d-a9d0-b8e8a42b15a2),0.163,0.036908,0.018801,0.236573,0.020015,0.036908,0.999425,0.999964,185,597,9058,16767376,9243,782,130104,0.071043,0.035926,0.037539,ok
deepcontact_er,er,lab_islet_liver_er,islet/liver-ER,R409_T48h_Islet8_bin4_00023,sparse,5.0,R409_T48h_Islet8_bin4 (b41644c0-41ef-423d-a9d0-b8e8a42b15a2),0.125,0.0,0.0,0.0,0.0,0.0,0.99962,0.999909,0,1518,4853,16770845,4853,1518,130364,0.037227,0.0,0.0,ok
deepcontact_er,er,lab_islet_liver_er,islet/liver-ER,R409_T48h_Islet8_bin4_00024,sparse,5.0,R409_T48h_Islet8_bin4 (b41644c0-41ef-423d-a9d0-b8e8a42b15a2),0.145,0.0,0.0,nan,0.0,0.0,0.999378,1.0,0,0,10432,16766784,10432,0,176093,0.059241,0.0,0.0,ok
deepcontact_er,er,lab_islet_liver_er,islet/liver-ER,R409_T48h_Islet8_bin4_00025,sparse,5.0,R409_T48h_Islet8_bin4 (b41644c0-41ef-423d-a9d0-b8e8a42b15a2),0.124,0.0,0.0,nan,0.0,0.0,0.999232,1.0,0,0,12879,16764337,12879,0,152889,0.084238,0.0,0.0,ok
deepcontact_er,er,lab_islet_liver_er,islet/liver-ER,R409_T48h_Islet8_bin4_00026,sparse,5.0,R409_T48h_Islet8_bin4 (b41644c0-41ef-423d-a9d0-b8e8a42b15a2),0.137,0.162018,0.08815,0.237031,0.123071,0.162018,0.999268,0.999772,1188,3824,8465,16763739,9653,5012,120540,0.080081,0.16741,0.131453,ok
deepcontact_er,er,lab_islet_liver_er,islet/liver-ER,R409_T48h_Islet8_bin4_00027,sparse,5.0,R409_T48h_Islet8_bin4 (b41644c0-41ef-423d-a9d0-b8e8a42b15a2),0.136,0.069853,0.03619,0.153329,0.045229,0.069853,0.998914,0.999775,684,3777,14439,16758316,15123,4461,96884,0.156094,0.079882,0.041983,ok
deepcontact_er,er,lab_islet_liver_er,islet/liver-ER,R409_T48h_Islet8_bin4_00028,sparse,5.0,R409_T48h_Islet8_bin4 (b41644c0-41ef-423d-a9d0-b8e8a42b15a2),0.128,0.0,0.0,nan,0.0,0.0,0.998924,1.0,0,0,18050,16759166,18050,0,175770,0.102691,0.0,0.0,ok
deepcontact_er,er,lab_islet_liver_er,islet/liver-ER,R409_T48h_Islet8_bin4_00029,sparse,5.0,R409_T48h_Islet8_bin4 (b41644c0-41ef-423d-a9d0-b8e8a42b15a2),0.143,0.0,0.0,nan,0.0,0.0,0.999717,1.0,0,0,4742,16772474,4742,0,83916,0.056509,0.0,0.0,ok
deepcontact_er,er,lab_islet_liver_er,islet/liver-ER,R409_T48h_Islet8_bin4_00030,sparse,5.0,R409_T48h_Islet8_bin4 (b41644c0-41ef-423d-a9d0-b8e8a42b15a2),0.133,0.0,0.0,nan,0.0,0.0,0.999791,1.0,0,0,3511,16773705,3511,0,63882,0.054961,0.0,0.0,ok
deepcontact_er,er,lab_islet_liver_er,islet/liver-ER,SEM_R399_Islet_48h_00000,sparse,5.0,SEM_R399_Islet_48h (c971718a-e547-439a-b79c-053e6cb4fe81),0.132,0.071342,0.036991,0.466216,0.038627,0.071342,0.999679,0.999986,207,237,5152,16771620,5359,444,71685,0.074758,0.04071,0.053711,ok
deepcontact_er,er,lab_islet_liver_er,islet/liver-ER,SEM_R399_Islet_48h_00001,sparse,5.0,SEM_R399_Islet_48h (c971718a-e547-439a-b79c-053e6cb4fe81),0.138,0.0,0.0,0.0,0.0,0.0,0.999576,0.999995,0,86,7026,16770104,7026,86,113208,0.062063,0.0,0.0,ok
deepcontact_er,er,lab_islet_liver_er,islet/liver-ER,SEM_R399_Islet_48h_00002,sparse,5.0,SEM_R399_Islet_48h (c971718a-e547-439a-b79c-053e6cb4fe81),0.145,0.429099,0.273155,0.507262,0.371809,0.429099,0.997385,0.999043,16486,16014,27854,16716862,44340,32500,190400,0.232878,0.444427,0.28687,ok
deepcontact_er,er,lab_islet_liver_er,islet/liver-ER,SEM_R399_Islet_48h_00003,sparse,5.0,SEM_R399_Islet_48h (c971718a-e547-439a-b79c-053e6cb4fe81),0.134,0.020003,0.010102,0.077929,0.011474,0.020003,0.9992,0.999903,137,1621,11803,16763655,11940,1758,158000,0.07557,0.015357,0.018224,ok
deepcontact_er,er,lab_islet_liver_er,islet/liver-ER,SEM_R399_Islet_48h_00004,sparse,5.0,SEM_R399_Islet_48h (c971718a-e547-439a-b79c-053e6cb4fe81),0.127,0.005443,0.002729,0.034944,0.002952,0.005443,0.998976,0.999923,47,1298,15877,16759994,15924,1345,146113,0.108984,0.006538,0.009275,ok
deepcontact_er,er,lab_islet_liver_er,islet/liver-ER,SEM_R399_Islet_48h_00005,sparse,5.0,SEM_R399_Islet_48h (c971718a-e547-439a-b79c-053e6cb4fe81),0.143,0.051081,0.02621,0.187801,0.02956,0.051081,0.998964,0.999879,468,2024,15364,16759360,15832,2492,170544,0.092832,0.053961,0.044403,ok
deepcontact_er,er,lab_islet_liver_er,islet/liver-ER,SEM_R399_Islet_48h_00006,sparse,5.0,SEM_R399_Islet_48h (c971718a-e547-439a-b79c-053e6cb4fe81),0.133,0.362341,0.221256,0.343551,0.383305,0.362341,0.996511,0.998101,16632,31780,26759,16702045,43391,48412,184988,0.234561,0.366301,0.251406,ok
deepcontact_er,er,lab_islet_liver_er,islet/liver-ER,SEM_R399_Islet_48h_00007,sparse,5.0,SEM_R399_Islet_48h (c971718a-e547-439a-b79c-053e6cb4fe81),0.127,0.065637,0.033932,0.054548,0.082386,0.065637,0.999398,0.999633,355,6153,3954,16766754,4309,6508,69930,0.061619,0.051006,0.130606,ok
deepcontact_er,er,lab_islet_liver_er,islet/liver-ER,SEM_R399_Islet_48h_00008,sparse,5.0,SEM_R399_Islet_48h (c971718a-e547-439a-b79c-053e6cb4fe81),0.134,0.185239,0.102073,0.245214,0.148836,0.185239,0.997891,0.999261,4022,12380,23001,16737813,27023,16402,307360,0.08792,0.188745,0.148527,ok
deepcontact_er,er,lab_islet_liver_er,islet/liver-ER,SEM_R399_Islet_48h_00009,sparse,5.0,SEM_R399_Islet_48h (c971718a-e547-439a-b79c-053e6cb4fe81),0.132,0.152549,0.082573,0.24314,0.11114,0.152549,0.998568,0.999598,2162,6730,17291,16751033,19453,8892,201110,0.096728,0.155975,0.134925,ok
deepcontact_er,er,lab_islet_liver_er,islet/liver-ER,SEM_R399_Islet_48h_00010,sparse,5.0,SEM_R399_Islet_48h (c971718a-e547-439a-b79c-053e6cb4fe81),0.132,0.180514,0.099211,0.180788,0.18024,0.180514,0.994153,0.997071,10805,48961,49143,16668307,59948,59766,353904,0.169391,0.186855,0.13138,ok
deepcontact_er,er,lab_islet_liver_er,islet/liver-ER,SEM_R399_Islet_48h_00011,sparse,5.0,SEM_R399_Islet_48h (c971718a-e547-439a-b79c-053e6cb4fe81),0.131,0.268788,0.15526,0.351845,0.217455,0.268788,0.99645,0.998794,10948,20168,39398,16706702,50346,31116,315276,0.159689,0.270406,0.19298,ok
deepcontact_er,er,lab_islet_liver_er,islet/liver-ER,SEM_R399_Islet_48h_00012,sparse,5.0,SEM_R399_Islet_48h (c971718a-e547-439a-b79c-053e6cb4fe81),0.169,0.002765,0.001384,0.046512,0.001425,0.002765,0.999656,0.99999,8,164,5607,16771437,5615,172,152084,0.03692,0.0,0.00824,ok
deepcontact_er,er,lab_islet_liver_er,islet/liver-ER,SEM_R399_Islet_48h_00013,sparse,5.0,SEM_R399_Islet_48h (c971718a-e547-439a-b79c-053e6cb4fe81),0.201,0.023381,0.011829,0.231618,0.012312,0.023381,0.999686,0.999988,63,209,5054,16771890,5117,272,158900,0.032203,0.02501,0.072455,ok
deepcontact_er,er,lab_islet_liver_er,islet/liver-ER,SEM_R399_Islet_48h_00014,sparse,5.0,SEM_R399_Islet_48h (c971718a-e547-439a-b79c-053e6cb4fe81),0.135,0.047533,0.024345,0.243231,0.02634,0.047533,0.998712,0.9999,539,1677,19924,16755076,20463,2216,185220,0.110479,0.045699,0.035934,ok
deepcontact_er,er,lab_islet_liver_er,islet/liver-ER,SEM_R399_Islet_48h_00015,sparse,5.0,SEM_R399_Islet_48h (c971718a-e547-439a-b79c-053e6cb4fe81),0.137,0.348399,0.210947,0.395179,0.311523,0.348399,0.996802,0.998688,14345,21955,31703,16709213,46048,36300,244398,0.188414,0.347152,0.20151,ok
deepcontact_er,er,lab_islet_liver_er,islet/liver-ER,SEM_R399_Islet_48h_00016,sparse,5.0,SEM_R399_Islet_48h (c971718a-e547-439a-b79c-053e6cb4fe81),0.135,0.024157,0.012226,0.061554,0.015027,0.024157,0.999119,0.999834,183,2790,11995,16762248,12178,2973,176890,0.068845,0.030751,0.024151,ok
deepcontact_er,er,lab_islet_liver_er,islet/liver-ER,SEM_R399_Islet_48h_00017,sparse,5.0,SEM_R399_Islet_48h (c971718a-e547-439a-b79c-053e6cb4fe81),0.137,0.337578,0.203064,0.286096,0.411653,0.337578,0.99742,0.998357,11029,27521,15763,16722903,26792,38550,236466,0.113302,0.340666,0.205519,ok
deepcontact_er,er,lab_islet_liver_er,islet/liver-ER,SEM_R399_Islet_48h_00018,sparse,5.0,SEM_R399_Islet_48h (c971718a-e547-439a-b79c-053e6cb4fe81),0.137,0.160603,0.087313,0.244446,0.119586,0.160603,0.998135,0.999448,2993,9251,22035,16742937,25028,12244,243340,0.102852,0.178676,0.117801,ok
deepcontact_er,er,lab_islet_liver_er,islet/liver-ER,SEM_R399_Islet_48h_00019,sparse,5.0,SEM_R399_Islet_48h (c971718a-e547-439a-b79c-053e6cb4fe81),0.136,0.328656,0.196642,0.301167,0.361667,0.328656,0.996983,0.998283,12390,28750,21868,16714208,34258,41140,205920,0.166366,0.342745,0.244656,ok
deepcontact_er,er,lab_islet_liver_er,islet/liver-ER,SEM_R399_Islet_48h_00020,sparse,5.0,SEM_R399_Islet_48h (c971718a-e547-439a-b79c-053e6cb4fe81),0.135,0.046771,0.023946,0.217348,0.026205,0.046771,0.996329,0.999675,1511,5441,56149,16714115,57660,6952,298660,0.193062,0.045596,0.049453,ok
deepcontact_er,er,lab_islet_liver_er,islet/liver-ER,SEM_R399_Islet_48h_00021,sparse,5.0,SEM_R399_Islet_48h (c971718a-e547-439a-b79c-053e6cb4fe81),0.137,0.203691,0.113394,0.246012,0.173794,0.203691,0.998635,0.999464,2930,8980,13929,16751377,16859,11910,177390,0.095039,0.179108,0.121119,ok
deepcontact_er,er,lab_islet_liver_er,islet/liver-ER,SEM_R399_Islet_48h_00022,sparse,5.0,SEM_R399_Islet_48h (c971718a-e547-439a-b79c-053e6cb4fe81),0.129,0.007328,0.003677,0.265152,0.003715,0.007328,0.998304,0.999983,105,291,28157,16748663,28262,396,248985,0.113509,0.009617,0.010114,ok
deepcontact_er,er,lab_islet_liver_er,islet/liver-ER,SEM_R399_Islet_48h_00023,sparse,5.0,SEM_R399_Islet_48h (c971718a-e547-439a-b79c-053e6cb4fe81),0.13,0.37689,0.232202,0.307945,0.485612,0.37689,0.997915,0.998581,10581,23779,11208,16731648,21789,34360,189585,0.11493,0.416727,0.237056,ok
deepcontact_er,er,lab_islet_liver_er,islet/liver-ER,SEM_R399_Islet_48h_00024,sparse,5.0,SEM_R399_Islet_48h (c971718a-e547-439a-b79c-053e6cb4fe81),0.129,0.421418,0.26696,0.524068,0.352395,0.421418,0.997548,0.999187,14981,13605,27531,16721099,42512,28586,208488,0.203906,0.420803,0.232712,ok
deepcontact_er,er,lab_islet_liver_er,islet/liver-ER,SEM_R399_Islet_48h_00025,sparse,5.0,SEM_R399_Islet_48h (c971718a-e547-439a-b79c-053e6cb4fe81),0.13,0.000542,0.000271,0.003185,0.000296,0.000542,0.99868,0.999888,6,1878,20263,16755069,20269,1884,283400,0.071521,0.000922,0.004078,ok
deepcontact_er,er,lab_islet_liver_er,islet/liver-ER,SEM_R399_Islet_48h_00026,sparse,5.0,SEM_R399_Islet_48h (c971718a-e547-439a-b79c-053e6cb4fe81),0.13,0.32669,0.195236,0.47156,0.249913,0.32669,0.998766,0.999664,5024,5630,15079,16751483,20103,10654,121770,0.16509,0.332879,0.209829,ok
deepcontact_er,er,deepcontact_tem,DeepContact,tem_00000,sparse,4.68,20180115_B1_1_10.jpg,0.622,0.300957,0.177133,0.186463,0.779749,0.300957,0.98739,0.988115,45542,198700,12864,16520110,58406,244242,1238472,0.04716,0.330001,0.334601,ok
deepcontact_er,er,deepcontact_tem,DeepContact,tem_00022,sparse,4.68,20180115_B9_2_setted_20.jpg,0.139,0.340902,0.205474,0.251377,0.529464,0.340902,0.991408,0.993355,37279,111020,33130,16595787,70409,148299,944025,0.074584,0.38844,0.28331,ok
deepcontact_er,er,deepcontact_tem,DeepContact,tem_00035,sparse,4.68,20180115_B9_5_setted_11.jpg,0.163,0.350086,0.212185,0.24873,0.590856,0.350086,0.986603,0.989035,60535,182841,41918,16491922,102453,243376,1149480,0.08913,0.465043,0.4693,ok
deepcontact_er,er,deepcontact_tem,DeepContact,tem_00044,sparse,4.68,20180115_b10_1_07.jpg,0.158,0.214594,0.120193,0.204724,0.225462,0.214594,0.990029,0.994676,22854,88779,78511,16587072,101365,111633,1232292,0.082257,0.250389,0.323983,ok
deepcontact_er,er,deepcontact_tem,DeepContact,tem_00050,sparse,4.68,20180115_b10_2_05.jpg,0.141,0.31297,0.185515,0.338114,0.291306,0.31297,0.988389,0.994776,44368,86854,107939,16538055,152307,131222,1322520,0.115164,0.348162,0.400886,ok
deepcontact_er,er,deepcontact_tem,DeepContact,tem_00051,sparse,4.68,20180115_b10_2_09.jpg,0.14,0.225802,0.12727,0.14983,0.458067,0.225802,0.989434,0.991227,25851,146685,30584,16574096,56435,172536,1322685,0.042667,0.271901,0.333948,ok
deepcontact_er,er,deepcontact_tem,DeepContact,tem_00055,sparse,4.68,20180115_b10_2_29.jpg,0.132,0.411278,0.258874,0.357646,0.483834,0.411278,0.9932,0.995713,39850,71573,42513,16623280,82363,111423,1322520,0.062277,0.453191,0.513771,ok
deepcontact_er,er,deepcontact_tem,DeepContact,tem_00058,sparse,4.68,20180115_b10_3_09.jpg,0.14,0.589989,0.418429,0.566017,0.616081,0.589989,0.989416,0.994088,127758,97956,79614,16471888,207372,225714,1126692,0.184054,0.614772,0.599268,ok
deepcontact_er,er,deepcontact_tem,DeepContact,tem_00066,sparse,4.68,20180115_b10_3_39.jpg,0.148,0.430569,0.274347,0.342367,0.579989,0.430569,0.991985,0.994149,50836,97648,36814,16591918,87650,148484,1317170,0.066544,0.501189,0.486938,ok
deepcontact_er,er,empiar_10994_hela_sbfsem,EMPIAR-10994,160621_00000,sparse,15.19,160621_HeLa_Control/02_processed_dataset/160621_HeLa_R01_001.tif,2.349,0.369406,0.226547,0.450056,0.313268,0.369406,0.99959,0.999853,2014,2461,4415,16768326,6429,4475,196168,0.032773,0.433402,0.44814,ok
deepcontact_er,er,empiar_10994_hela_sbfsem,EMPIAR-10994,160621_00001,sparse,15.19,160621_HeLa_Control/02_processed_dataset/160621_HeLa_R01_015.tif,1.495,0.465746,0.303565,0.455191,0.476802,0.465746,0.999518,0.999748,3525,4219,3868,16765604,7393,7744,269671,0.027415,0.482483,0.50879,ok
deepcontact_er,er,empiar_10994_hela_sbfsem,EMPIAR-10994,160621_00002,sparse,15.19,160621_HeLa_Control/02_processed_dataset/160621_HeLa_R01_029.tif,1.159,0.37394,0.229967,0.441322,0.324408,0.37394,0.99927,0.999724,3659,4632,7620,16761305,11279,8291,298309,0.03781,0.42467,0.454224,ok
deepcontact_er,er,empiar_10994_hela_sbfsem,EMPIAR-10994,160621_00003,sparse,15.19,160621_HeLa_Control/02_processed_dataset/160621_HeLa_R01_043.tif,1.147,0.357299,0.217507,0.370488,0.345018,0.357299,0.999021,0.999537,4567,7760,8670,16756219,13237,12327,443916,0.029819,0.38111,0.405114,ok
deepcontact_er,er,empiar_10994_hela_sbfsem,EMPIAR-10994,160621_00004,sparse,15.19,160621_HeLa_Control/02_processed_dataset/160621_HeLa_R01_057.tif,1.161,0.379777,0.234398,0.334998,0.438373,0.379777,0.998772,0.999253,6306,12518,8079,16750313,14385,18824,513380,0.02802,0.419525,0.40408,ok
deepcontact_er,er,empiar_10994_hela_sbfsem,EMPIAR-10994,160621_00005,sparse,15.19,160621_HeLa_Control/02_processed_dataset/160621_HeLa_R01_071.tif,1.125,0.369292,0.226461,0.325027,0.427514,0.369292,0.9986,0.999148,6874,14275,9205,16746862,16079,21149,647348,0.024838,0.399377,0.392348,ok
deepcontact_er,er,empiar_10994_hela_sbfsem,EMPIAR-10994,160621_00006,sparse,15.19,160621_HeLa_Control/02_processed_dataset/160621_HeLa_R01_085.tif,1.452,0.26757,0.154448,0.243768,0.296524,0.26757,0.998299,0.999035,5212,16169,12365,16743470,17577,21381,718998,0.024447,0.283416,0.2796,ok
deepcontact_er,er,empiar_10994_hela_sbfsem,EMPIAR-10994,160621_00007,sparse,15.19,160621_HeLa_Control/02_processed_dataset/160621_HeLa_R01_099.tif,1.17,0.369854,0.226884,0.293646,0.499478,0.369854,0.998347,0.998832,8139,19578,8156,16741343,16295,27717,815304,0.019986,0.407197,0.423873,ok
deepcontact_er,er,empiar_10994_hela_sbfsem,EMPIAR-10994,160621_00008,sparse,15.19,160621_HeLa_Control/02_processed_dataset/160621_HeLa_R01_113.tif,1.147,0.281321,0.163685,0.191295,0.531414,0.281321,0.997746,0.998134,7401,31288,6526,16732001,13927,38689,917590,0.015178,0.314838,0.384818,ok
deepcontact_er,er,empiar_10994_hela_sbfsem,EMPIAR-10994,160621_00009,sparse,15.19,160621_HeLa_Control/02_processed_dataset/160621_HeLa_R01_127.tif,1.163,0.252516,0.144503,0.167149,0.516102,0.252516,0.997636,0.998009,6699,33379,6281,16730857,12980,40078,946275,0.013717,0.276783,0.313864,ok
deepcontact_er,er,empiar_10994_hela_sbfsem,EMPIAR-10994,160621_00010,sparse,15.19,160621_HeLa_Control/02_processed_dataset/160621_HeLa_R01_141.tif,1.151,0.336454,0.202251,0.244998,0.536859,0.336454,0.997613,0.998133,10152,31285,8758,16727021,18910,41437,940905,0.020098,0.372109,0.384021,ok
deepcontact_er,er,empiar_10994_hela_sbfsem,EMPIAR-10994,160621_00011,sparse,15.19,160621_HeLa_Control/02_processed_dataset/160621_HeLa_R01_155.tif,1.152,0.26123,0.150238,0.179553,0.479225,0.26123,0.997099,0.997654,8604,39315,9350,16719947,17954,47919,1015740,0.017676,0.307923,0.350014,ok
deepcontact_er,er,empiar_10994_hela_sbfsem,EMPIAR-10994,160621_00012,sparse,15.19,160621_HeLa_Control/02_processed_dataset/160621_HeLa_R01_169.tif,1.159,0.292399,0.171234,0.201435,0.533165,0.292399,0.997683,0.998101,8030,31834,7031,16730321,15061,39864,986112,0.015273,0.319691,0.334595,ok
deepcontact_er,er,empiar_10994_hela_sbfsem,EMPIAR-10994,160621_00013,sparse,15.19,160621_HeLa_Control/02_processed_dataset/160621_HeLa_R01_183.tif,1.151,0.284895,0.166109,0.196892,0.515145,0.284895,0.997221,0.99774,9286,37877,8740,16721313,18026,47163,1051632,0.017141,0.31725,0.369238,ok
deepcontact_er,er,empiar_10994_hela_sbfsem,EMPIAR-10994,160621_00014,sparse,15.19,160621_HeLa_Control/02_processed_dataset/160621_HeLa_R01_197.tif,1.162,0.320421,0.190775,0.223791,0.563912,0.320421,0.996838,0.997411,12507,43380,9672,16711657,22179,55887,1102000,0.020126,0.365283,0.417405,ok
deepcontact_er,er,empiar_10994_hela_sbfsem,EMPIAR-10994,160621_00015,sparse,15.19,160621_HeLa_Control/02_processed_dataset/160621_HeLa_R01_211.tif,1.21,0.33767,0.203131,0.245364,0.541311,0.33767,0.997023,0.997663,12730,39152,10787,16714547,23517,51882,1150240,0.020445,0.380754,0.43545,ok
deepcontact_er,er,empiar_10994_hela_sbfsem,EMPIAR-10994,160621_00016,sparse,15.19,160621_HeLa_Control/02_processed_dataset/160621_HeLa_R01_225.tif,1.54,0.317015,0.188365,0.223183,0.54698,0.317015,0.997144,0.99769,11119,38701,9209,16718187,20328,49820,1240512,0.016387,0.338748,0.396455,ok
deepcontact_er,er,empiar_10994_hela_sbfsem,EMPIAR-10994,160621_00017,sparse,15.19,160621_HeLa_Control/02_processed_dataset/160621_HeLa_R01_239.tif,1.529,0.416812,0.263274,0.360208,0.494521,0.416812,0.996726,0.997917,19631,34868,20066,16702651,39697,54499,1260004,0.031505,0.451337,0.604177,ok
deepcontact_er,er,empiar_10994_hela_sbfsem,EMPIAR-10994,160621_00018,sparse,15.19,160621_HeLa_Control/02_processed_dataset/160621_HeLa_R01_253.tif,1.177,0.448578,0.28914,0.369065,0.571761,0.448578,0.997339,0.998146,18158,31042,13600,16714416,31758,49200,1258763,0.02523,0.507275,0.579917,ok
deepcontact_er,er,empiar_10994_hela_sbfsem,EMPIAR-10994,160621_00019,sparse,15.19,160621_HeLa_Control/02_processed_dataset/160621_HeLa_R01_267.tif,1.486,0.486791,0.321694,0.426496,0.566941,0.486791,0.997244,0.998238,21927,29485,16749,16709055,38676,51412,1296026,0.029842,0.540344,0.62822,ok
deepcontact_er,er,empiar_10994_hela_sbfsem,EMPIAR-10994,160621_00020,sparse,15.19,160621_HeLa_Control/02_processed_dataset/160621_HeLa_R01_281.tif,1.162,0.550601,0.379882,0.483154,0.639934,0.550601,0.997462,0.998333,26085,27904,14677,16708550,40762,53989,1288808,0.031628,0.604896,0.693195,ok
deepcontact_er,er,empiar_10994_hela_sbfsem,EMPIAR-10994,160621_00021,sparse,15.19,160621_HeLa_Control/02_processed_dataset/160621_HeLa_R01_295.tif,1.171,0.581665,0.410104,0.527281,0.648558,0.581665,0.997904,0.998691,24450,21920,13249,16717597,37699,46370,1255490,0.030027,0.626037,0.702851,ok
deepcontact_er,er,empiar_10994_hela_sbfsem,EMPIAR-10994,160621_00022,sparse,15.19,160621_HeLa_Control/02_processed_dataset/160621_HeLa_R01_309.tif,1.156,0.589258,0.417693,0.514185,0.689999,0.589258,0.997929,0.998594,24920,23545,11196,16717555,36116,48465,1246416,0.028976,0.644924,0.718914,ok
deepcontact_er,er,empiar_10994_hela_sbfsem,EMPIAR-10994,160621_00023,sparse,15.19,160621_HeLa_Control/02_processed_dataset/160621_HeLa_R01_323.tif,1.168,0.534975,0.365165,0.472846,0.615902,0.534975,0.997598,0.998456,23177,25839,14454,16713746,37631,49016,1227088,0.030667,0.590844,0.676929,ok
deepcontact_er,er,empiar_10994_hela_sbfsem,EMPIAR-10994,160621_00024,sparse,15.19,160621_HeLa_Control/02_processed_dataset/160621_HeLa_R01_337.tif,1.174,0.534097,0.364347,0.502332,0.570149,0.534097,0.99757,0.998617,23367,23150,17617,16713082,40984,46517,1227945,0.033376,0.579212,0.670144,ok
deepcontact_er,er,empiar_10994_hela_sbfsem,EMPIAR-10994,160621_00025,sparse,15.19,160621_HeLa_Control/02_processed_dataset/160621_HeLa_R01_351.tif,1.168,0.561321,0.390164,0.553244,0.569637,0.561321,0.997808,0.998865,23530,19001,17777,16716908,41307,42531,1163760,0.035494,0.617266,0.716676,ok
deepcontact_er,er,empiar_10994_hela_sbfsem,EMPIAR-10994,160621_00026,sparse,15.19,160621_HeLa_Control/02_processed_dataset/160621_HeLa_R01_365.tif,1.165,0.550492,0.379778,0.531806,0.570538,0.550492,0.997978,0.998907,20775,18290,15638,16722513,36413,39065,1103157,0.033008,0.604954,0.682342,ok
deepcontact_er,er,empiar_10994_hela_sbfsem,EMPIAR-10994,160621_00027,sparse,15.19,160621_HeLa_Control/02_processed_dataset/160621_HeLa_R01_379.tif,1.192,0.529193,0.359797,0.489562,0.575805,0.529193,0.997379,0.99846,24717,25771,18209,16708519,42926,50488,1101539,0.038969,0.575157,0.657406,ok
deepcontact_er,er,empiar_10994_hela_sbfsem,EMPIAR-10994,160621_00028,sparse,15.19,160621_HeLa_Control/02_processed_dataset/160621_HeLa_R01_393.tif,1.174,0.592993,0.421457,0.552297,0.640163,0.592993,0.997764,0.998676,27326,22151,15360,16712379,42686,49477,994068,0.042941,0.637828,0.724747,ok
deepcontact_er,er,empiar_10994_hela_sbfsem,EMPIAR-10994,160621_00029,sparse,15.19,160621_HeLa_Control/02_processed_dataset/160621_HeLa_R01_407.tif,1.18,0.57902,0.40748,0.604853,0.555304,0.57902,0.997643,0.998938,27196,17767,21779,16710474,48975,44963,1005984,0.048684,0.632116,0.65168,ok
deepcontact_er,er,empiar_10994_hela_sbfsem,EMPIAR-10994,160621_00030,sparse,15.19,160621_HeLa_Control/02_processed_dataset/160621_HeLa_R01_421.tif,1.157,0.57603,0.404524,0.575228,0.576834,0.57603,0.998025,0.999007,22515,16626,16517,16721558,39032,39141,956483,0.040808,0.635335,0.65947,ok
deepcontact_er,er,empiar_10994_hela_sbfsem,EMPIAR-10994,160621_00031,sparse,15.19,160621_HeLa_Control/02_processed_dataset/160621_HeLa_R01_435.tif,1.184,0.529819,0.360377,0.517178,0.543093,0.529819,0.997879,0.998882,20051,18719,16869,16721577,36920,38770,855369,0.043163,0.562604,0.586761,ok
deepcontact_er,er,empiar_10994_hela_sbfsem,EMPIAR-10994,160621_00032,sparse,15.19,160621_HeLa_Control/02_processed_dataset/160621_HeLa_R01_449.tif,1.193,0.517759,0.349308,0.461144,0.590221,0.517759,0.998203,0.998871,16188,18916,11239,16730873,27427,35104,781834,0.03508,0.58732,0.614152,ok
deepcontact_er,er,empiar_10994_hela_sbfsem,EMPIAR-10994,160621_00033,sparse,15.19,160621_HeLa_Control/02_processed_dataset/160621_HeLa_R01_463.tif,2.011,0.550579,0.379861,0.521447,0.583158,0.550579,0.998437,0.99912,16059,14738,11479,16734940,27538,30797,662515,0.041566,0.601886,0.607178,ok
deepcontact_er,er,empiar_10994_hela_sbfsem,EMPIAR-10994,160621_00034,sparse,15.19,160621_HeLa_Control/02_processed_dataset/160621_HeLa_R01_477.tif,1.536,0.603297,0.431943,0.603496,0.603098,0.603297,0.998782,0.999391,15537,10208,10225,16741246,25762,25745,575757,0.044745,0.660991,0.682922,ok
deepcontact_er,er,empiar_10994_hela_sbfsem,EMPIAR-10994,160621_00035,sparse,15.19,160621_HeLa_Control/02_processed_dataset/160621_HeLa_R01_491.tif,1.166,0.570776,0.399361,0.528534,0.620356,0.570776,0.998746,0.999255,13994,12483,8564,16742175,22558,26477,488308,0.046196,0.634128,0.642254,ok
deepcontact_er,er,empiar_10994_hela_sbfsem,EMPIAR-10994,160621_00036,sparse,15.19,160621_HeLa_Control/02_processed_dataset/160621_HeLa_R01_505.tif,1.494,0.610921,0.439803,0.560704,0.671017,0.610921,0.998997,0.999382,13213,10352,6478,16747173,19691,23565,359732,0.054738,0.646987,0.644255,ok
deepcontact_er,er,empiar_10994_hela_sbfsem,EMPIAR-10994,160621_00037,sparse,15.19,160621_HeLa_Control/02_processed_dataset/160621_HeLa_R01_519.tif,1.172,0.400353,0.250276,0.529497,0.321854,0.400353,0.999151,0.999748,4757,4227,10023,16758209,14780,8984,225348,0.065587,0.462991,0.484353,ok
deepcontact_er,er,empiar_10994_hela_sbfsem,EMPIAR-10994,160621_00038,sparse,15.19,160621_HeLa_Control/02_processed_dataset/160621_HeLa_R01_533.tif,1.174,0.632499,0.462522,0.794609,0.525326,0.632499,0.999559,0.999902,6368,1646,5754,16763448,12122,8014,126338,0.095949,0.68043,0.672258,ok
deepcontact_er,er,empiar_10994_hela_sbfsem,EMPIAR-10994,160621_00039,sparse,15.19,160621_HeLa_Control/02_processed_dataset/160621_HeLa_R01_547.tif,1.173,0.657668,0.489944,0.577684,0.76336,0.657668,0.999754,0.999827,3971,2903,1231,16769111,5202,6874,68672,0.075751,0.711744,0.663657,ok
deepcontact_er,er,empiar_10994_hela_sbfsem,EMPIAR-10994,161107_00040,sparse,14.82,161107_HeLa_REEP3-4_KD_LBR/02_processed_dataset/161107_HeLa_REEP3-4_KD_LBR_001.tif,1.179,0.111244,0.058898,0.565269,0.061692,0.111244,0.998627,0.999934,1442,1109,21932,16752733,23374,2551,459433,0.050876,0.123944,0.127863,ok
deepcontact_er,er,empiar_10994_hela_sbfsem,EMPIAR-10994,161107_00041,sparse,14.82,161107_HeLa_REEP3-4_KD_LBR/02_processed_dataset/161107_HeLa_REEP3-4_KD_LBR_015.tif,1.502,0.170741,0.093339,0.589991,0.099813,0.170741,0.998546,0.999896,2511,1745,22646,16750314,25157,4256,618240,0.040691,0.204748,0.18011,ok
deepcontact_er,er,empiar_10994_hela_sbfsem,EMPIAR-10994,161107_00042,sparse,14.82,161107_HeLa_REEP3-4_KD_LBR/02_processed_dataset/161107_HeLa_REEP3-4_KD_LBR_029.tif,1.178,0.063744,0.032921,0.410792,0.034553,0.063744,0.997521,0.999879,1416,2031,39565,16734204,40981,3447,778960,0.05261,0.085355,0.09226,ok
deepcontact_er,er,empiar_10994_hela_sbfsem,EMPIAR-10994,161107_00043,sparse,14.82,161107_HeLa_REEP3-4_KD_LBR/02_processed_dataset/161107_HeLa_REEP3-4_KD_LBR_043.tif,1.189,0.152753,0.082692,0.670783,0.08619,0.152753,0.997271,0.999879,4128,2026,43766,16727296,47894,6154,891111,0.053746,0.202501,0.169416,ok
deepcontact_er,er,empiar_10994_hela_sbfsem,EMPIAR-10994,161107_00044,sparse,14.82,161107_HeLa_REEP3-4_KD_LBR/02_processed_dataset/161107_HeLa_REEP3-4_KD_LBR_057.tif,1.162,0.04912,0.025179,0.808036,0.02533,0.04912,0.996241,0.999977,1629,387,62682,16712518,64311,2016,961136,0.066911,0.059104,0.043068,ok
deepcontact_er,er,empiar_10994_hela_sbfsem,EMPIAR-10994,161107_00045,sparse,14.82,161107_HeLa_REEP3-4_KD_LBR/02_processed_dataset/161107_HeLa_REEP3-4_KD_LBR_071.tif,1.152,0.040728,0.020787,0.618852,0.021057,0.040728,0.99576,0.999944,1510,930,70200,16704576,71710,2440,951966,0.075328,0.048163,0.075914,ok
deepcontact_er,er,empiar_10994_hela_sbfsem,EMPIAR-10994,161107_00046,sparse,14.82,161107_HeLa_REEP3-4_KD_LBR/02_processed_dataset/161107_HeLa_REEP3-4_KD_LBR_085.tif,1.191,0.093928,0.049279,0.825251,0.049798,0.093928,0.996595,0.999962,2961,627,56499,16717129,59460,3588,897795,0.066229,0.094956,0.149645,ok
deepcontact_er,er,empiar_10994_hela_sbfsem,EMPIAR-10994,161107_00047,sparse,14.82,161107_HeLa_REEP3-4_KD_LBR/02_processed_dataset/161107_HeLa_REEP3-4_KD_LBR_099.tif,1.17,0.092818,0.048668,0.795156,0.049286,0.092818,0.994645,0.999929,4596,1184,88656,16682780,93252,5780,1001616,0.093102,0.106528,0.164436,ok
deepcontact_er,er,empiar_10994_hela_sbfsem,EMPIAR-10994,161107_00048,sparse,14.82,161107_HeLa_REEP3-4_KD_LBR/02_processed_dataset/161107_HeLa_REEP3-4_KD_LBR_113.tif,1.174,0.160684,0.087361,0.806745,0.089228,0.160684,0.994414,0.999871,8971,2149,91569,16674527,100540,11120,1121196,0.089672,0.182181,0.234372,ok
deepcontact_er,er,empiar_10994_hela_sbfsem,EMPIAR-10994,161107_00049,sparse,14.82,161107_HeLa_REEP3-4_KD_LBR/02_processed_dataset/161107_HeLa_REEP3-4_KD_LBR_127.tif,1.157,0.159907,0.086902,0.671679,0.090757,0.159907,0.995412,0.999786,7326,3581,73395,16692914,80721,10907,1284552,0.06284,0.16603,0.231128,ok
deepcontact_er,er,empiar_10994_hela_sbfsem,EMPIAR-10994,161107_00050,sparse,14.82,161107_HeLa_REEP3-4_KD_LBR/02_processed_dataset/161107_HeLa_REEP3-4_KD_LBR_141.tif,2.059,0.088449,0.046271,0.719215,0.047122,0.088449,0.993829,0.999882,5023,1961,101573,16668659,106596,6984,1336068,0.079783,0.091641,0.143917,ok
deepcontact_er,er,empiar_10994_hela_sbfsem,EMPIAR-10994,161107_00051,sparse,14.82,161107_HeLa_REEP3-4_KD_LBR/02_processed_dataset/161107_HeLa_REEP3-4_KD_LBR_155.tif,1.576,0.064578,0.033366,0.742637,0.033756,0.064578,0.992511,0.99991,4337,1503,124142,16647234,128479,5840,1343216,0.09565,0.076958,0.110474,ok
deepcontact_er,er,empiar_10994_hela_sbfsem,EMPIAR-10994,161107_00052,sparse,14.82,161107_HeLa_REEP3-4_KD_LBR/02_processed_dataset/161107_HeLa_REEP3-4_KD_LBR_169.tif,1.208,0.080491,0.041933,0.835545,0.042282,0.080491,0.991683,0.999928,6107,1202,138327,16631580,144434,7309,1260284,0.114604,0.084092,0.131232,ok
deepcontact_er,er,empiar_10994_hela_sbfsem,EMPIAR-10994,161107_00053,sparse,14.82,161107_HeLa_REEP3-4_KD_LBR/02_processed_dataset/161107_HeLa_REEP3-4_KD_LBR_183.tif,1.192,0.132479,0.070939,0.785028,0.072344,0.132479,0.991904,0.999829,10371,2840,132986,16631019,143357,13211,1649640,0.086902,0.158613,0.23128,ok
deepcontact_er,er,empiar_10994_hela_sbfsem,EMPIAR-10994,161107_00054,sparse,14.82,161107_HeLa_REEP3-4_KD_LBR/02_processed_dataset/161107_HeLa_REEP3-4_KD_LBR_197.tif,1.176,0.077406,0.040261,0.896043,0.04045,0.077406,0.989994,0.999951,7042,817,167049,16602308,174091,7859,1635685,0.106433,0.095323,0.143248,ok
deepcontact_er,er,empiar_10994_hela_sbfsem,EMPIAR-10994,161107_00055,sparse,14.82,161107_HeLa_REEP3-4_KD_LBR/02_processed_dataset/161107_HeLa_REEP3-4_KD_LBR_211.tif,1.17,0.081702,0.042591,0.739986,0.043238,0.081702,0.991535,0.999867,6318,2220,139803,16628875,146121,8538,1667608,0.087623,0.097398,0.163013,ok
deepcontact_er,er,empiar_10994_hela_sbfsem,EMPIAR-10994,161107_00056,sparse,14.82,161107_HeLa_REEP3-4_KD_LBR/02_processed_dataset/161107_HeLa_REEP3-4_KD_LBR_225.tif,1.194,0.112116,0.059387,0.927114,0.059666,0.112116,0.991378,0.999957,9133,718,143937,16623428,153070,9851,1612450,0.09493,0.130725,0.187833,ok
deepcontact_er,er,empiar_10994_hela_sbfsem,EMPIAR-10994,161107_00057,sparse,14.82,161107_HeLa_REEP3-4_KD_LBR/02_processed_dataset/161107_HeLa_REEP3-4_KD_LBR_239.tif,1.187,0.095828,0.050325,0.908529,0.050581,0.095828,0.992068,0.999957,7052,710,132367,16637087,139419,7762,1575144,0.088512,0.110442,0.161161,ok
deepcontact_er,er,empiar_10994_hela_sbfsem,EMPIAR-10994,161107_00058,sparse,14.82,161107_HeLa_REEP3-4_KD_LBR/02_processed_dataset/161107_HeLa_REEP3-4_KD_LBR_253.tif,1.471,0.074072,0.03846,0.85287,0.038717,0.074072,0.991587,0.999941,5646,974,140180,16630416,145826,6620,1529190,0.095362,0.092869,0.14352,ok
deepcontact_er,er,empiar_10994_hela_sbfsem,EMPIAR-10994,161107_00059,sparse,14.82,161107_HeLa_REEP3-4_KD_LBR/02_processed_dataset/161107_HeLa_REEP3-4_KD_LBR_267.tif,1.198,0.088456,0.046275,0.806966,0.046793,0.088456,0.99223,0.999909,6325,1513,128846,16640532,135171,7838,1467352,0.092119,0.106426,0.161331,ok
deepcontact_er,er,empiar_10994_hela_sbfsem,EMPIAR-10994,161107_00060,sparse,14.82,161107_HeLa_REEP3-4_KD_LBR/02_processed_dataset/161107_HeLa_REEP3-4_KD_LBR_281.tif,1.227,0.135808,0.072851,0.881131,0.073574,0.135808,0.992763,0.999923,9540,1287,120125,16646264,129665,10827,1486760,0.087213,0.147026,0.226327,ok
deepcontact_er,er,empiar_10994_hela_sbfsem,EMPIAR-10994,161107_00061,sparse,14.82,161107_HeLa_REEP3-4_KD_LBR/02_processed_dataset/161107_HeLa_REEP3-4_KD_LBR_295.tif,1.189,0.134261,0.071961,0.786766,0.073393,0.134261,0.993264,0.999857,8763,2375,110636,16655442,119399,11138,1512783,0.078927,0.15796,0.241538,ok
deepcontact_er,er,empiar_10994_hela_sbfsem,EMPIAR-10994,161107_00062,sparse,14.82,161107_HeLa_REEP3-4_KD_LBR/02_processed_dataset/161107_HeLa_REEP3-4_KD_LBR_309.tif,1.209,0.188625,0.104134,0.810734,0.106728,0.188625,0.99385,0.999832,11994,2800,100385,16662037,112379,14794,1397968,0.080387,0.214398,0.301023,ok
deepcontact_er,er,empiar_10994_hela_sbfsem,EMPIAR-10994,161107_00063,sparse,14.82,161107_HeLa_REEP3-4_KD_LBR/02_processed_dataset/161107_HeLa_REEP3-4_KD_LBR_323.tif,1.233,0.148582,0.080253,0.734471,0.082651,0.148582,0.994063,0.999812,8691,3142,96462,16668921,105153,11833,1324230,0.079407,0.179738,0.266749,ok
deepcontact_er,er,empiar_10994_hela_sbfsem,EMPIAR-10994,161107_00064,sparse,14.82,161107_HeLa_REEP3-4_KD_LBR/02_processed_dataset/161107_HeLa_REEP3-4_KD_LBR_337.tif,1.184,0.159681,0.086768,0.845534,0.088166,0.159681,0.994863,0.99991,8189,1496,84693,16682838,92882,9685,1256065,0.073947,0.170079,0.235142,ok
deepcontact_er,er,empiar_10994_hela_sbfsem,EMPIAR-10994,161107_00065,sparse,14.82,161107_HeLa_REEP3-4_KD_LBR/02_processed_dataset/161107_HeLa_REEP3-4_KD_LBR_351.tif,1.222,0.123543,0.065839,0.714998,0.067613,0.123543,0.995271,0.999866,5592,2229,77114,16692281,82706,7821,1258213,0.065733,0.146681,0.220711,ok
deepcontact_er,er,empiar_10994_hela_sbfsem,EMPIAR-10994,161107_00066,sparse,14.82,161107_HeLa_REEP3-4_KD_LBR/02_processed_dataset/161107_HeLa_REEP3-4_KD_LBR_365.tif,1.208,0.097632,0.051321,0.518961,0.053885,0.097632,0.995115,0.999754,4434,4110,77853,16690819,82287,8544,1360800,0.06047,0.117025,0.176912,ok
deepcontact_er,er,empiar_10994_hela_sbfsem,EMPIAR-10994,161107_00067,sparse,14.82,161107_HeLa_REEP3-4_KD_LBR/02_processed_dataset/161107_HeLa_REEP3-4_KD_LBR_379.tif,1.694,0.123208,0.065648,0.591108,0.068771,0.123208,0.995534,0.999782,5265,3642,71293,16697016,76558,8907,1265940,0.060475,0.13016,0.219417,ok
deepcontact_er,er,empiar_10994_hela_sbfsem,EMPIAR-10994,161107_00068,sparse,14.82,161107_HeLa_REEP3-4_KD_LBR/02_processed_dataset/161107_HeLa_REEP3-4_KD_LBR_393.tif,1.195,0.147207,0.079451,0.748961,0.081625,0.147207,0.995768,0.999877,6128,2054,68947,16700087,75075,8182,996968,0.075303,0.188543,0.2797,ok
deepcontact_er,er,empiar_10994_hela_sbfsem,EMPIAR-10994,161107_00069,sparse,14.82,161107_HeLa_REEP3-4_KD_LBR/02_processed_dataset/161107_HeLa_REEP3-4_KD_LBR_407.tif,1.202,0.124639,0.066461,0.748797,0.067977,0.124639,0.99583,0.9999,4981,1671,68294,16702270,73275,6652,1014324,0.07224,0.154695,0.227735,ok
deepcontact_er,er,empiar_10994_hela_sbfsem,EMPIAR-10994,161107_00070,sparse,14.82,161107_HeLa_REEP3-4_KD_LBR/02_processed_dataset/161107_HeLa_REEP3-4_KD_LBR_421.tif,1.203,0.12832,0.068559,0.616226,0.071617,0.12832,0.996808,0.999853,3942,2455,51101,16719718,55043,6397,847841,0.064921,0.165501,0.176672,ok
deepcontact_er,er,empiar_10994_hela_sbfsem,EMPIAR-10994,161107_00071,sparse,14.82,161107_HeLa_REEP3-4_KD_LBR/02_processed_dataset/161107_HeLa_REEP3-4_KD_LBR_435.tif,1.438,0.268387,0.154992,0.77172,0.16244,0.268387,0.997373,0.999857,8083,2391,41677,16725065,49760,10474,806323,0.061712,0.326257,0.297141,ok
deepcontact_er,er,empiar_10994_hela_sbfsem,EMPIAR-10994,161107_00072,sparse,14.82,161107_HeLa_REEP3-4_KD_LBR/02_processed_dataset/161107_HeLa_REEP3-4_KD_LBR_449.tif,1.315,0.205704,0.114643,0.581383,0.124958,0.205704,0.996912,0.999711,6708,4830,46974,16718704,53682,11538,606498,0.088511,0.248542,0.263481,ok
deepcontact_er,er,empiar_10994_hela_sbfsem,EMPIAR-10994,161107_00073,sparse,14.82,161107_HeLa_REEP3-4_KD_LBR/02_processed_dataset/161107_HeLa_REEP3-4_KD_LBR_463.tif,1.25,0.299183,0.175906,0.685527,0.191346,0.299183,0.997841,0.999788,7730,3546,32668,16733272,40398,11276,433794,0.093127,0.344842,0.316892,ok
