model,organelle,dataset,dataset_label,n_crops,dice_mean,dice_std,dice_median,dice_n,iou_mean,iou_std,iou_median,iou_n,precision_mean,precision_std,precision_median,precision_n,recall_mean,recall_std,recall_median,recall_n,f1_mean,f1_std,f1_median,f1_n,accuracy_mean,accuracy_std,accuracy_median,accuracy_n,specificity_mean,specificity_std,specificity_median,specificity_n,tp_mean,tp_std,tp_median,tp_n,fp_mean,fp_std,fp_median,fp_n,fn_mean,fn_std,fn_median,fn_n,tn_mean,tn_std,tn_median,tn_n,gt_area_mean,gt_area_std,gt_area_median,gt_area_n,pred_area_mean,pred_area_std,pred_area_median,pred_area_n,eval_area_mean,eval_area_std,eval_area_median,eval_area_n,gt_frac_mean,gt_frac_std,gt_frac_median,gt_frac_n,cldice_mean,cldice_std,cldice_median,cldice_n,boundary_f1_mean,boundary_f1_std,boundary_f1_median,boundary_f1_n,inst_n_pred_mean,inst_n_pred_std,inst_n_pred_median,inst_n_pred_n,inst_n_gt_mean,inst_n_gt_std,inst_n_gt_median,inst_n_gt_n,inst_precision@0.5_mean,inst_precision@0.5_std,inst_precision@0.5_median,inst_precision@0.5_n,inst_recall@0.5_mean,inst_recall@0.5_std,inst_recall@0.5_median,inst_recall@0.5_n,inst_f1@0.5_mean,inst_f1@0.5_std,inst_f1@0.5_median,inst_f1@0.5_n,inst_ap@0.5_mean,inst_ap@0.5_std,inst_ap@0.5_median,inst_ap@0.5_n,inst_precision@0.75_mean,inst_precision@0.75_std,inst_precision@0.75_median,inst_precision@0.75_n,inst_recall@0.75_mean,inst_recall@0.75_std,inst_recall@0.75_median,inst_recall@0.75_n,inst_f1@0.75_mean,inst_f1@0.75_std,inst_f1@0.75_median,inst_f1@0.75_n,inst_ap@0.75_mean,inst_ap@0.75_std,inst_ap@0.75_median,inst_ap@0.75_n,inst_pq_mean,inst_pq_std,inst_pq_median,inst_pq_n,inst_sq_mean,inst_sq_std,inst_sq_median,inst_sq_n,inst_rq_mean,inst_rq_std,inst_rq_median,inst_rq_n,target_nm_mean,target_nm_std,target_nm_median,target_nm_n,force_scale_mean,force_scale_std,force_scale_median,force_scale_n
deepcontact_er,er,deepcontact_tem,DeepContact,9,0.353016,0.108207,0.340902,9,0.219936,0.085439,0.205474,9,0.293919,0.118563,0.251377,9,0.50609,0.159118,0.529464,9,0.353016,0.108207,0.340902,9,0.989762,0.002035,0.989434,9,0.992793,0.002545,0.994088,9,50541.444444,29423.860824,44368.0,9,120228.444444,42608.128528,97956.0,9,51543.0,28599.283476,41918.0,9,16554903.111111,48845.272896,16574096.0,9,102084.444444,46188.897776,87650.0,9,170769.888889,50855.607176,148484.0,9,1219539.555556,120802.397318,1238472.0,9,0.084871,0.040737,0.074584,9,0.402565,0.110494,0.38844,9,0.416223,0.100377,0.400886,9,,,,0,,,,0,,,,0,,,,0,,,,0,,,,0,,,,0,,,,0,,,,0,,,,0,,,,0,,,,0,,,,0,,,,0,,,,0
deepcontact_er,er,empiar_10994_hela_sbfsem,EMPIAR-10994,74,0.304302,0.191196,0.283108,74,0.195305,0.141094,0.164897,74,0.565646,0.207523,0.562987,74,0.321492,0.244754,0.323131,74,0.304302,0.191196,0.283108,74,0.996518,0.002375,0.997356,74,0.999268,0.000759,0.999748,74,10386.756757,7313.882859,7880.0,74,12265.256757,12713.924354,4223.0,74,46159.783784,46237.690071,17993.0,74,16708404.202703,38996.119081,16717018.5,74,56546.540541,44326.060953,40580.0,74,22652.013514,17930.121129,11685.5,74,991819.635135,392899.306037,1010154.0,74,0.054073,0.027274,0.04978,74,0.338251,0.205251,0.31847,74,0.380556,0.206659,0.342305,74,,,,0,,,,0,,,,0,,,,0,,,,0,,,,0,,,,0,,,,0,,,,0,,,,0,,,,0,,,,0,,,,0,,,,0,,,,0
deepcontact_er,er,empiar_12885_aive,AIVE,57,0.018908,0.015201,0.016363,57,0.009604,0.007816,0.008249,57,0.504537,0.256193,0.539474,57,0.009745,0.007983,0.008341,57,0.018908,0.015201,0.016363,57,0.992428,0.004446,0.994284,57,0.999931,7.2e-05,0.999952,57,1263.982456,1306.786382,861.0,57,1156.403509,1203.257725,801.0,57,125875.561404,74441.914688,94392.0,57,16648920.052632,75364.136892,16680795.0,57,127139.54386,75206.456028,94862.0,57,2420.385965,2209.122162,1871.0,57,1997753.263158,368766.299235,2053930.0,57,0.066801,0.041271,0.050983,57,0.027187,0.021339,0.020455,57,0.040583,0.029917,0.037673,57,,,,0,,,,0,,,,0,,,,0,,,,0,,,,0,,,,0,,,,0,,,,0,,,,0,,,,0,,,,0,,,,0,,,,0,,,,0
deepcontact_er,er,empiar_13156_hela_stard3_er,EMPIAR-13156,84,0.001128,0.005219,0.0,84,0.000571,0.002651,0.0,84,0.016195,0.078916,0.0,79,0.000611,0.002818,0.0,84,0.001128,0.005219,0.0,84,0.998134,0.000995,0.998174,84,0.99988,0.000136,0.999923,84,20.511905,93.423192,0.0,84,2010.166667,2284.33127,1289.0,84,29302.178571,16593.341382,30168.5,84,16745883.142857,16708.983418,16746579.5,84,29322.690476,16602.27218,30168.5,84,2030.678571,2284.775263,1289.0,84,1966612.202381,783904.3314,2232790.0,84,0.015378,0.007722,0.014696,84,0.002286,0.010869,0.0,84,0.000882,0.003705,0.0,84,,,,0,,,,0,,,,0,,,,0,,,,0,,,,0,,,,0,,,,0,,,,0,,,,0,,,,0,,,,0,,,,0,,,,0,,,,0
deepcontact_er,er,lab_islet_liver_er,islet/liver-ER,135,0.10991,0.137514,0.044375,135,0.064318,0.084949,0.022691,135,0.223986,0.158999,0.214478,105,0.105073,0.144751,0.028734,135,0.10991,0.137514,0.044375,135,0.99822,0.001968,0.998924,135,0.999506,0.00075,0.999865,135,3875.444444,8839.46058,400.0,135,8262.066667,12523.882445,2257.0,135,21605.777778,26422.919384,11517.0,135,16743472.711111,39401.682311,16758316.0,135,25481.222222,31089.420596,13045.0,135,12137.511111,20710.069585,2640.0,135,225186.496296,198790.237603,166026.0,135,0.09784,0.050339,0.090636,135,0.116355,0.148403,0.045596,135,0.069007,0.079519,0.038615,135,,,,0,,,,0,,,,0,,,,0,,,,0,,,,0,,,,0,,,,0,,,,0,,,,0,,,,0,,,,0,,,,0,,,,0,,,,0
deepcontact_mito,mito,deepcontact_tem,DeepContact,67,0.485871,0.144889,0.490813,67,0.332345,0.120938,0.325217,67,0.491578,0.169954,0.492397,67,0.527898,0.190683,0.538732,67,0.485871,0.144889,0.490813,67,0.996746,0.001168,0.996921,67,0.998219,0.000953,0.998215,67,28525.567164,15779.829297,28037.0,67,29775.940299,15928.386363,29805.0,67,24819.970149,13211.321719,24277.0,67,16694094.522388,29416.851683,16695607.0,67,53345.537313,23489.396912,53198.0,67,58301.507463,24639.848833,58551.0,67,1065479.014925,235332.901822,1141690.0,67,0.050081,0.018703,0.049145,67,0.505494,0.161047,0.511544,67,0.212643,0.073544,0.211401,67,,,,0,,,,0,,,,0,,,,0,,,,0,,,,0,,,,0,,,,0,,,,0,,,,0,,,,0,,,,0,,,,0,,,,0,,,,0
deepcontact_mito,mito,deeppi_em_skeletal_muscle,DeepPI,6,0.142647,0.110667,0.134362,6,0.080812,0.067442,0.072376,6,0.805385,0.215229,0.898719,6,0.082149,0.069424,0.07282,6,0.142647,0.110667,0.134362,6,0.851289,0.037531,0.846542,6,0.997957,0.002811,0.998976,6,233278.0,269337.835646,149558.0,6,27576.0,36234.356588,14804.0,6,2467390.833333,620308.345094,2562220.0,6,14048971.166667,729551.396413,14091234.0,6,2700668.833333,707979.533532,2673596.0,6,260854.0,305237.729155,160672.0,6,6553600.0,0.0,6553600.0,6,0.412089,0.108029,0.407959,6,0.179064,0.121915,0.188129,6,0.111697,0.073444,0.122161,6,,,,0,,,,0,,,,0,,,,0,,,,0,,,,0,,,,0,,,,0,,,,0,,,,0,,,,0,,,,0,,,,0,,,,0,,,,0
deepcontact_mito,mito,empiar_10982_mitonet_benchmark,MitoNet,192,0.176253,0.229485,0.068187,192,0.117923,0.17064,0.035297,192,0.355299,0.328383,0.267148,143,0.167142,0.238926,0.061373,192,0.176253,0.229485,0.068187,192,0.995591,0.006137,0.997677,192,0.99904,0.001783,0.999873,192,8129.619792,40534.840358,953.5,192,15982.463542,29573.957285,2121.0,192,57984.552083,95021.008116,21354.0,192,16695119.364583,121930.922655,16735951.5,192,66114.171875,110833.0889,25187.5,192,24112.083333,59414.683466,4700.0,192,516820.3125,377597.697069,539612.5,192,0.116574,0.12126,0.073358,192,0.173283,0.230884,0.052538,192,0.127454,0.179366,0.03269,192,6.307292,7.906639,3.0,192,21.75,19.53869,17.0,192,0.205182,0.260449,0.060606,143,0.087366,0.13638,0.0,192,0.100944,0.151484,0.0,192,0.060848,0.096883,0.0,192,0.14262,0.216666,0.0,143,0.056521,0.104537,0.0,192,0.067873,0.122039,0.0,192,0.039943,0.076657,0.0,192,0.078827,0.121488,0.0,192,0.324994,0.382568,0.0,192,0.100944,0.151484,0.0,192,,,,0,,,,0
deepcontact_mito,mito,orgsegnet_plant,PlantHunter,198,0.089374,0.189331,0.0,198,0.060749,0.142903,0.0,198,0.179161,0.324549,0.0,179,0.103977,0.228413,0.0,198,0.089374,0.189331,0.0,198,0.977227,0.022123,0.984359,198,0.995707,0.006916,0.998011,198,23320.772727,63953.075435,0.0,198,71119.262626,115603.986238,32194.0,198,310946.222222,378147.06357,167974.0,198,16371829.742424,389250.130841,16512468.0,198,334266.994949,395805.158613,172114.0,198,94440.035354,132444.00628,47288.0,198,11566402.555556,2575672.045301,13202713.0,198,0.042028,0.092409,0.014224,198,0.081969,0.185869,0.0,198,0.01842,0.045114,0.0,198,,,,0,,,,0,,,,0,,,,0,,,,0,,,,0,,,,0,,,,0,,,,0,,,,0,,,,0,,,,0,,,,0,,,,0,,,,0
deepcontact_mito,mito,zenodo_mitoem2,ME2-Mossy,55,0.499319,0.223822,0.487309,55,0.364266,0.215111,0.322147,55,0.426211,0.237443,0.395954,54,0.716765,0.21135,0.742366,55,0.499319,0.223822,0.487309,55,0.995567,0.00324,0.996178,55,0.99626,0.002878,0.996585,55,32704.490909,24385.375155,22388.0,55,62536.581818,48102.636857,57076.0,55,11844.654545,10663.487346,10691.0,55,16670130.272727,69661.205987,16657223.0,55,44549.145455,30691.494494,36695.0,55,95241.072727,63074.9637,108253.0,55,503440.945455,369935.29685,475800.0,55,0.160219,0.162057,0.112516,55,0.529828,0.223652,0.534731,55,0.346531,0.165707,0.320603,55,75.418182,65.84215,57.0,55,18.272727,13.191532,15.0,55,0.240057,0.212692,0.160469,54,0.587191,0.229143,0.571429,55,0.307123,0.225157,0.244898,55,0.206738,0.19393,0.139535,55,0.202776,0.201348,0.11267,54,0.499543,0.237606,0.48,55,0.26201,0.218374,0.174603,55,0.173416,0.184134,0.095652,55,0.254807,0.192937,0.191268,55,0.778344,0.195943,0.826965,55,0.307123,0.225157,0.244898,55,,,,0,,,,0
incasem,er,deepcontact_tem,DeepContact,9,0.154369,0.050911,0.138709,9,0.084478,0.030388,0.074523,9,0.189049,0.081525,0.189891,9,0.140817,0.050495,0.12303,9,0.154369,0.050911,0.138709,9,0.991074,0.002348,0.992003,9,0.996262,0.000977,0.996099,9,14679.333333,7967.150738,10500.0,9,62345.111111,16330.777415,64853.0,9,87405.111111,40219.997479,74935.0,9,16612786.444444,46032.172457,16632549.0,9,102084.444444,46188.897776,87650.0,9,77024.444444,19519.996284,78323.0,9,1219539.555556,120802.397318,1238472.0,9,0.084871,0.040737,0.074584,9,0.166433,0.062674,0.159331,9,0.258947,0.075446,0.256611,9,,,,0,,,,0,,,,0,,,,0,,,,0,,,,0,,,,0,,,,0,,,,0,,,,0,,,,0,,,,0,,,,0,,,,0,,,,0
incasem,er,empiar_10994_hela_sbfsem,EMPIAR-10994,74,0.366556,0.105974,0.387185,74,0.229414,0.077327,0.240069,74,0.318082,0.114031,0.324103,74,0.468562,0.097864,0.486387,74,0.366556,0.105974,0.387185,74,0.99536,0.002426,0.995932,74,0.997039,0.001331,0.996995,74,28156.445946,23122.686776,19829.0,74,49463.283784,22145.953339,50351.0,74,28390.094595,21540.186744,20657.5,74,16671206.175676,63133.179449,16690026.0,74,56546.540541,44326.060953,40580.0,74,77619.72973,43048.424483,68168.5,74,991819.635135,392899.306037,1010154.0,74,0.054073,0.027274,0.04978,74,0.408369,0.111709,0.436496,74,0.441318,0.119468,0.465262,74,,,,0,,,,0,,,,0,,,,0,,,,0,,,,0,,,,0,,,,0,,,,0,,,,0,,,,0,,,,0,,,,0,,,,0,,,,0
incasem,er,empiar_12885_aive,AIVE,57,0.414246,0.104344,0.38684,57,0.266863,0.085806,0.239803,57,0.381124,0.149328,0.334979,57,0.483617,0.065279,0.491489,57,0.414246,0.104344,0.38684,57,0.990737,0.002551,0.99114,57,0.994575,0.001094,0.994444,57,62071.807018,38035.841393,42320.0,57,90334.403509,18249.882838,92463.0,57,65067.736842,38919.282853,46102.0,57,16559742.052632,75482.075057,16581472.0,57,127139.54386,75206.456028,94862.0,57,152406.210526,38779.436648,145947.0,57,1997753.263158,368766.299235,2053930.0,57,0.066801,0.041271,0.050983,57,0.431033,0.10938,0.413594,57,0.450866,0.098689,0.422619,57,,,,0,,,,0,,,,0,,,,0,,,,0,,,,0,,,,0,,,,0,,,,0,,,,0,,,,0,,,,0,,,,0,,,,0,,,,0
incasem,er,empiar_13156_hela_stard3_er,EMPIAR-13156,84,0.064248,0.044281,0.053262,84,0.033738,0.023944,0.027359,84,0.045762,0.033363,0.037983,84,0.129675,0.093147,0.127146,84,0.064248,0.044281,0.053262,84,0.993941,0.002483,0.994042,84,0.995435,0.002027,0.995692,84,4106.892857,3762.175666,2298.0,84,76431.690476,33918.432255,72109.5,84,25215.797619,14544.584509,24731.0,84,16671461.619048,44472.378705,16675384.5,84,29322.690476,16602.27218,30168.5,84,80538.583333,36648.162904,73549.5,84,1966612.202381,783904.3314,2232790.0,84,0.015378,0.007722,0.014696,84,0.068334,0.051215,0.05348,84,0.078152,0.053536,0.063063,84,,,,0,,,,0,,,,0,,,,0,,,,0,,,,0,,,,0,,,,0,,,,0,,,,0,,,,0,,,,0,,,,0,,,,0,,,,0
incasem,er,lab_islet_liver_er,islet/liver-ER,135,0.154274,0.097065,0.121732,135,0.08676,0.060518,0.064811,135,0.171498,0.116163,0.132357,135,0.17637,0.131222,0.132621,135,0.154274,0.097065,0.121732,135,0.997867,0.001996,0.998635,135,0.999107,0.000715,0.999361,135,4637.748148,7756.716748,1707.0,135,14938.614815,11914.251743,10712.0,135,20843.474074,24404.434709,11312.0,135,16736796.162963,40615.419185,16752230.0,135,25481.222222,31089.420596,13045.0,135,19576.362963,18962.677737,12650.0,135,225186.496296,198790.237603,166026.0,135,0.09784,0.050339,0.090636,135,0.1803,0.113985,0.140686,135,0.147983,0.057689,0.143248,135,,,,0,,,,0,,,,0,,,,0,,,,0,,,,0,,,,0,,,,0,,,,0,,,,0,,,,0,,,,0,,,,0,,,,0,,,,0
incasem,mito,deepcontact_tem,DeepContact,67,0.356191,0.115125,0.354128,67,0.222652,0.085462,0.215161,67,0.261455,0.104787,0.241155,67,0.624165,0.15309,0.632315,67,0.356191,0.115125,0.354128,67,0.99328,0.001756,0.993331,67,0.994478,0.001638,0.994496,67,32935.358209,16264.868632,30708.0,67,92341.746269,27401.849454,91771.0,67,20410.179104,11558.649202,17660.0,67,16631528.716418,36766.394078,16634131.0,67,53345.537313,23489.396912,53198.0,67,125277.104478,32881.747562,125747.0,67,1065479.014925,235332.901822,1141690.0,67,0.050081,0.018703,0.049145,67,0.250567,0.094233,0.248016,67,0.214091,0.084142,0.202961,67,,,,0,,,,0,,,,0,,,,0,,,,0,,,,0,,,,0,,,,0,,,,0,,,,0,,,,0,,,,0,,,,0,,,,0,,,,0
incasem,mito,deeppi_em_skeletal_muscle,DeepPI,6,0.146107,0.101635,0.109985,6,0.08218,0.061493,0.058193,6,0.546597,0.15999,0.498284,6,0.087624,0.06532,0.064098,6,0.146107,0.101635,0.109985,6,0.841197,0.047958,0.834877,6,0.988652,0.006396,0.989402,6,195861.166667,108199.937154,171138.0,6,159457.5,90220.656866,146327.0,6,2504807.666667,799726.946073,2502458.0,6,13917089.666667,713535.143289,13835776.0,6,2700668.833333,707979.533532,2673596.0,6,355318.666667,141127.253653,358187.0,6,6553600.0,0.0,6553600.0,6,0.412089,0.108029,0.407959,6,0.152238,0.083387,0.125629,6,0.164006,0.068924,0.133903,6,,,,0,,,,0,,,,0,,,,0,,,,0,,,,0,,,,0,,,,0,,,,0,,,,0,,,,0,,,,0,,,,0,,,,0,,,,0
incasem,mito,empiar_10982_mitonet_benchmark,MitoNet,192,0.300523,0.209747,0.286763,192,0.197164,0.167064,0.167383,192,0.318319,0.230107,0.263993,190,0.358664,0.239623,0.340132,192,0.300523,0.209747,0.286763,192,0.995636,0.004998,0.997291,192,0.99781,0.002544,0.99866,192,29377.614583,71121.472132,5917.5,192,36473.234375,42232.446853,22460.0,192,36736.557292,56459.282029,16984.5,192,16674628.59375,135295.070192,16719815.5,192,66114.171875,110833.0889,25187.5,192,65850.848958,94969.22987,35034.5,192,516820.3125,377597.697069,539612.5,192,0.116574,0.12126,0.073358,192,0.266735,0.200097,0.236127,192,0.134341,0.10348,0.104014,192,,,,0,,,,0,,,,0,,,,0,,,,0,,,,0,,,,0,,,,0,,,,0,,,,0,,,,0,,,,0,,,,0,,,,0,,,,0
incasem,mito,orgsegnet_plant,PlantHunter,198,0.060709,0.087981,0.033732,198,0.033883,0.057354,0.017155,198,0.074319,0.14627,0.026786,198,0.222628,0.27915,0.088625,198,0.060709,0.087981,0.033732,198,0.933914,0.027268,0.937559,198,0.950637,0.029131,0.953469,198,41989.691919,95179.868797,17322.0,198,816470.575758,484495.685745,766155.5,198,292277.30303,375952.195299,147322.5,198,15626478.429293,476320.770657,15667827.5,198,334266.994949,395805.158613,172114.0,198,858460.267677,496054.331038,811037.0,198,11566402.555556,2575672.045301,13202713.0,198,0.042028,0.092409,0.014224,198,0.042617,0.070339,0.017097,198,0.028831,0.046954,0.018375,198,,,,0,,,,0,,,,0,,,,0,,,,0,,,,0,,,,0,,,,0,,,,0,,,,0,,,,0,,,,0,,,,0,,,,0,,,,0
incasem,mito,zenodo_mitoem2,ME2-Mossy,55,0.382582,0.137945,0.40379,55,0.246504,0.119817,0.252968,55,0.356967,0.20993,0.326414,55,0.602162,0.195701,0.598979,55,0.382582,0.137945,0.40379,55,0.993979,0.004381,0.993876,55,0.994876,0.004262,0.995675,55,29183.963636,23729.757111,21529.0,55,85654.672727,71232.873231,72339.0,55,15365.181818,10039.075796,13277.0,55,16647012.181818,92388.515294,16653698.0,55,44549.145455,30691.494494,36695.0,55,114838.636364,89051.674292,104025.0,55,503440.945455,369935.29685,475800.0,55,0.160219,0.162057,0.112516,55,0.329985,0.151299,0.342845,55,0.235024,0.110548,0.231589,55,,,,0,,,,0,,,,0,,,,0,,,,0,,,,0,,,,0,,,,0,,,,0,,,,0,,,,0,,,,0,,,,0,,,,0,,,,0
lipidnet,ld,deepcontact_cell,DeepContact,41,0.587062,0.354103,0.731981,41,0.497284,0.329905,0.577264,41,0.674517,0.361519,0.82742,41,0.597868,0.351481,0.768151,41,0.587062,0.354103,0.731981,41,0.990198,0.014729,0.996945,41,0.995258,0.006538,0.998467,41,206717.731707,248772.574146,116644.0,41,76937.560976,104829.541786,24845.0,41,87507.634146,155619.386375,29280.0,41,16406053.073171,384770.71675,16503717.0,41,294225.365854,313323.760287,209402.0,41,283655.292683,293090.856782,149630.0,41,8442561.414634,5671503.484006,4310446.0,41,0.047386,0.058234,0.030655,41,0.50956,0.326762,0.6,41,0.501965,0.325027,0.646305,41,,,,0,,,,0,,,,0,,,,0,,,,0,,,,0,,,,0,,,,0,,,,0,,,,0,,,,0,,,,0,,,,0,,,,0,,,,0
lipidnet,ld,empiar_12885_aive,AIVE,35,0.462443,0.294717,0.509779,35,0.347758,0.248248,0.342083,35,0.684574,0.359074,0.8431,33,0.399797,0.289394,0.420946,35,0.462443,0.294717,0.509779,35,0.999654,0.000187,0.999707,35,0.999928,9.8e-05,0.999981,35,3862.8,3575.070987,3138.0,35,1204.542857,1642.872421,323.0,35,4606.857143,2641.819158,4482.0,35,16767541.8,4820.699658,16769006.0,35,8469.657143,4311.103889,7435.0,35,5067.342857,4154.283036,4427.0,35,1932077.942857,357397.668375,2009980.0,35,0.004576,0.002642,0.003648,35,0.483663,0.331394,0.589226,35,0.173749,0.22925,0.061175,35,,,,0,,,,0,,,,0,,,,0,,,,0,,,,0,,,,0,,,,0,,,,0,,,,0,,,,0,,,,0,,,,0,,,,0,,,,0
lipidnet,ld,empiar_13420_macrophage_a431,MacrophageSEM,370,0.714082,0.316833,0.836962,370,0.632462,0.318173,0.719634,370,0.736079,0.330245,0.900582,365,0.779924,0.250439,0.884901,370,0.714082,0.316833,0.836962,370,0.995111,0.038672,0.999555,370,0.995327,0.0387,0.999826,370,34780.775676,36622.29096,21294.5,370,78354.062162,649047.160763,2900.0,370,3671.032432,2724.396111,3224.0,370,16660410.12973,646532.475546,16735961.0,370,38451.808108,37388.27747,27703.0,370,113134.837838,646741.354243,35496.0,370,3340693.413514,4629939.425518,1933303.0,370,0.040087,0.093831,0.016445,370,0.532505,0.337715,0.561121,370,0.635802,0.325935,0.740247,370,,,,0,,,,0,,,,0,,,,0,,,,0,,,,0,,,,0,,,,0,,,,0,,,,0,,,,0,,,,0,,,,0,,,,0,,,,0
lipidnet_scaled,ld,deepcontact_cell,DeepContact,41,0.140653,0.293402,0.0,41,0.114199,0.245251,0.0,41,0.744485,0.429901,0.993278,12,0.115036,0.247386,0.0,41,0.140653,0.293402,0.0,41,0.987807,0.010462,0.990408,41,0.99955,0.001699,1.0,41,96965.95122,227254.942425,0.0,41,7301.097561,27679.066189,0.0,41,197259.414634,162742.58581,160924.0,41,16475689.536585,320500.307738,16567814.0,41,294225.365854,313323.760287,209402.0,41,104267.04878,229424.707562,0.0,41,8442561.414634,5671503.484006,4310446.0,41,0.047386,0.058234,0.030655,41,0.125366,0.275158,0.0,41,0.052552,0.124291,0.0,41,,,,0,,,,0,,,,0,,,,0,,,,0,,,,0,,,,0,,,,0,,,,0,,,,0,,,,0,,,,0,,,,0,20.0,0.0,20.0,41,,,,0
lipidnet_scaled,ld,empiar_12885_aive,AIVE,35,0.015993,0.093255,0.0,35,0.011104,0.06475,0.0,35,1.0,0.0,1.0,1,0.011104,0.06475,0.0,35,0.015993,0.093255,0.0,35,0.999499,0.00026,0.999557,35,1.0,0.0,1.0,35,69.114286,403.002075,0.0,35,0.0,0.0,0.0,35,8400.542857,4365.597484,7435.0,35,16768746.342857,4311.103889,16769781.0,35,8469.657143,4311.103889,7435.0,35,69.114286,403.002075,0.0,35,1932077.942857,357397.668375,2009980.0,35,0.004576,0.002642,0.003648,35,0.021164,0.123406,0.0,35,0.0,0.0,0.0,35,,,,0,,,,0,,,,0,,,,0,,,,0,,,,0,,,,0,,,,0,,,,0,,,,0,,,,0,,,,0,,,,0,20.0,0.0,20.0,35,,,,0
lipidnet_scaled,ld,empiar_13420_macrophage_a431,MacrophageSEM,370,0.028865,0.114311,0.0,370,0.019671,0.087632,0.0,370,0.160214,0.330247,0.0,168,0.043151,0.146991,0.0,370,0.028865,0.114311,0.0,370,0.996591,0.008931,0.998095,370,0.998866,0.008902,1.0,370,276.064865,933.281645,0.0,370,19017.494595,149266.861489,0.0,370,38175.743243,37530.890293,27369.0,370,16719746.697297,150080.906651,16745009.5,370,38451.808108,37388.27747,27703.0,370,19293.559459,149543.522151,0.0,370,3340693.413514,4629939.425518,1933303.0,370,0.040087,0.093831,0.016445,370,0.020484,0.105151,0.0,370,0.018522,0.078304,0.0,370,,,,0,,,,0,,,,0,,,,0,,,,0,,,,0,,,,0,,,,0,,,,0,,,,0,,,,0,,,,0,,,,0,20.0,0.0,20.0,370,,,,0
microsam_vit_l_em_organelles,er,deepcontact_tem,DeepContact,9,0.001351,0.000825,0.001224,9,0.000676,0.000413,0.000612,9,0.002422,0.002311,0.001975,9,0.00101,0.000609,0.000856,9,0.001351,0.000825,0.001224,9,0.991269,0.003082,0.993005,9,0.99733,0.000672,0.997304,9,108.444444,105.841717,75.0,9,44511.777778,11141.354603,44982.0,9,101976.0,46102.187878,87575.0,9,16630619.777778,51788.472627,16659815.0,9,102084.444444,46188.897776,87650.0,9,44620.222222,11163.405303,45074.0,9,1219539.555556,120802.397318,1238472.0,9,0.084871,0.040737,0.074584,9,0.000169,0.000478,0.0,9,0.034173,0.02034,0.030232,9,,,,0,,,,0,,,,0,,,,0,,,,0,,,,0,,,,0,,,,0,,,,0,,,,0,,,,0,,,,0,,,,0,,,,0,,,,0
microsam_vit_l_em_organelles,er,empiar_10994_hela_sbfsem,EMPIAR-10994,74,0.002583,0.003137,0.001354,74,0.001296,0.001579,0.000678,74,0.003923,0.004438,0.002068,72,0.002191,0.002845,0.001247,74,0.002583,0.003137,0.001354,74,0.995053,0.003113,0.99591,74,0.99841,0.000738,0.99839,74,116.094595,169.636509,52.0,74,26569.067568,12297.797867,26860.5,74,56430.445946,44259.902415,40357.0,74,16694100.391892,52298.611338,16708512.5,74,56546.540541,44326.060953,40580.0,74,26685.162162,12382.589202,26967.5,74,991819.635135,392899.306037,1010154.0,74,0.054073,0.027274,0.04978,74,0.001032,0.00244,0.0,74,0.016478,0.010529,0.014634,74,,,,0,,,,0,,,,0,,,,0,,,,0,,,,0,,,,0,,,,0,,,,0,,,,0,,,,0,,,,0,,,,0,,,,0,,,,0
microsam_vit_l_em_organelles,er,empiar_12885_aive,AIVE,57,0.006341,0.011235,0.001877,57,0.003213,0.005751,0.00094,57,0.009753,0.019984,0.001865,57,0.005232,0.009136,0.001646,57,0.006341,0.011235,0.001877,57,0.987106,0.008847,0.991316,57,0.994569,0.004688,0.996456,57,926.614035,2072.091288,184.0,57,90110.210526,77325.14717,59196.0,57,126212.929825,74176.856303,94809.0,57,16559966.245614,149333.553275,16630974.0,57,127139.54386,75206.456028,94862.0,57,91036.824561,78099.310633,59235.0,57,1997753.263158,368766.299235,2053930.0,57,0.066801,0.041271,0.050983,57,0.004076,0.008014,0.0,57,0.035164,0.02105,0.032166,57,,,,0,,,,0,,,,0,,,,0,,,,0,,,,0,,,,0,,,,0,,,,0,,,,0,,,,0,,,,0,,,,0,,,,0,,,,0
microsam_vit_l_em_organelles,er,empiar_13156_hela_stard3_er,EMPIAR-13156,84,0.000458,0.001003,0.0,84,0.000229,0.000502,0.0,84,0.0003,0.000671,0.0,84,0.001404,0.003477,0.0,84,0.000458,0.001003,0.0,84,0.992382,0.004291,0.993022,84,0.994116,0.003905,0.994783,84,33.916667,86.460452,0.0,84,98518.464286,65372.283206,87388.5,84,29288.77381,16593.947795,30168.5,84,16649374.845238,72029.559902,16660138.0,84,29322.690476,16602.27218,30168.5,84,98552.380952,65412.60724,87388.5,84,1966612.202381,783904.3314,2232790.0,84,0.015378,0.007722,0.014696,84,8.6e-05,0.000784,0.0,84,0.008476,0.014207,0.0,84,,,,0,,,,0,,,,0,,,,0,,,,0,,,,0,,,,0,,,,0,,,,0,,,,0,,,,0,,,,0,,,,0,,,,0,,,,0
microsam_vit_l_em_organelles,er,lab_islet_liver_er,islet/liver-ER,135,0.004057,0.007258,0.001045,135,0.002046,0.003687,0.000523,135,0.004977,0.008081,0.001787,135,0.004522,0.009169,0.000786,135,0.004057,0.007258,0.001045,135,0.996974,0.004646,0.998595,135,0.998469,0.003062,0.999557,135,282.274074,940.776334,10.0,135,25564.755556,51041.728533,7439.0,135,25198.948148,30394.340143,13003.0,135,16726170.022222,78679.498226,16753444.0,135,25481.222222,31089.420596,13045.0,135,25847.02963,51738.765375,7439.0,135,225186.496296,198790.237603,166026.0,135,0.09784,0.050339,0.090636,135,0.000637,0.003162,0.0,135,0.026073,0.0317,0.017004,135,,,,0,,,,0,,,,0,,,,0,,,,0,,,,0,,,,0,,,,0,,,,0,,,,0,,,,0,,,,0,,,,0,,,,0,,,,0
microsam_vit_l_em_organelles,ld,deepcontact_cell,DeepContact,41,0.012016,0.034446,0.0,41,0.006363,0.018368,0.0,41,0.010096,0.027891,0.0,41,0.016735,0.049819,0.0,41,0.012016,0.034446,0.0,41,0.940459,0.036746,0.955085,41,0.956741,0.026517,0.963864,41,4978.585366,13882.641281,0.0,41,709687.609756,425335.341164,601628.0,41,289246.780488,311373.657035,178710.0,41,15773303.02439,615606.23872,16023663.0,41,294225.365854,313323.760287,209402.0,41,714666.195122,422843.779309,601628.0,41,8442561.414634,5671503.484006,4310446.0,41,0.047386,0.058234,0.030655,41,0.01191,0.033736,0.0,41,0.009478,0.011641,0.004727,41,,,,0,,,,0,,,,0,,,,0,,,,0,,,,0,,,,0,,,,0,,,,0,,,,0,,,,0,,,,0,,,,0,,,,0,,,,0
microsam_vit_l_em_organelles,ld,empiar_12885_aive,AIVE,35,0.044353,0.057413,0.01886,35,0.023589,0.030978,0.00952,35,0.025707,0.033836,0.009858,35,0.2596,0.321146,0.101099,35,0.044353,0.057413,0.01886,35,0.992826,0.005202,0.994145,35,0.993204,0.005095,0.994526,35,2045.371429,2384.570247,1325.0,35,113942.428571,85409.237785,91799.0,35,6424.285714,4478.408886,5584.0,35,16654803.914286,87709.908912,16678990.0,35,8469.657143,4311.103889,7435.0,35,115987.8,85888.155338,91799.0,35,1932077.942857,357397.668375,2009980.0,35,0.004576,0.002642,0.003648,35,0.052371,0.086212,0.014005,35,0.038393,0.051742,0.007444,35,,,,0,,,,0,,,,0,,,,0,,,,0,,,,0,,,,0,,,,0,,,,0,,,,0,,,,0,,,,0,,,,0,,,,0,,,,0
microsam_vit_l_em_organelles,ld,empiar_13420_macrophage_a431,MacrophageSEM,370,0.004068,0.042547,0.0,370,0.002761,0.034115,0.0,370,0.007178,0.074823,0.0,364,0.006686,0.056776,0.0,370,0.004068,0.042547,0.0,370,0.992547,0.006234,0.993793,370,0.994827,0.006306,0.996344,370,40.440541,187.162433,0.0,370,86635.1,105772.25409,61130.0,370,38411.367568,37387.667933,27693.0,370,16652129.091892,104579.637971,16673053.0,370,38451.808108,37388.27747,27703.0,370,86675.540541,105756.217431,61130.0,370,3340693.413514,4629939.425518,1933303.0,370,0.040087,0.093831,0.016445,370,0.005358,0.06221,0.0,370,0.007949,0.020369,0.001695,370,,,,0,,,,0,,,,0,,,,0,,,,0,,,,0,,,,0,,,,0,,,,0,,,,0,,,,0,,,,0,,,,0,,,,0,,,,0
microsam_vit_l_em_organelles,mito,deepcontact_tem,DeepContact,67,0.598526,0.189196,0.633498,67,0.45184,0.185541,0.463591,67,0.664985,0.219082,0.671117,67,0.579647,0.190502,0.581958,67,0.598526,0.189196,0.633498,67,0.997791,0.001003,0.997848,67,0.99912,0.000698,0.999264,67,31005.119403,17061.750157,30001.0,67,14723.58209,11692.181721,12338.0,67,22340.41791,12840.969848,19468.0,67,16709146.880597,24484.369409,16709354.0,67,53345.537313,23489.396912,53198.0,67,45728.701493,18898.594325,45889.0,67,1065479.014925,235332.901822,1141690.0,67,0.050081,0.018703,0.049145,67,0.615848,0.226746,0.63816,67,0.40353,0.21805,0.373957,67,,,,0,,,,0,,,,0,,,,0,,,,0,,,,0,,,,0,,,,0,,,,0,,,,0,,,,0,,,,0,,,,0,,,,0,,,,0
microsam_vit_l_em_organelles,mito,deeppi_em_skeletal_muscle,DeepPI,6,0.841248,0.104199,0.883478,6,0.739044,0.145441,0.792542,6,0.955371,0.018199,0.95787,6,0.768342,0.158333,0.818912,6,0.841248,0.104199,0.883478,6,0.953461,0.032385,0.960761,6,0.993704,0.002029,0.994124,6,2009287.333333,495936.03247,1765372.5,6,89411.166667,31213.577481,85067.5,6,691381.5,564039.950386,562602.5,6,13987136.0,688730.421358,14001211.5,6,2700668.833333,707979.533532,2673596.0,6,2098698.5,492923.274664,1892757.0,6,6553600.0,0.0,6553600.0,6,0.412089,0.108029,0.407959,6,0.865496,0.105013,0.904751,6,0.52942,0.135337,0.535355,6,,,,0,,,,0,,,,0,,,,0,,,,0,,,,0,,,,0,,,,0,,,,0,,,,0,,,,0,,,,0,,,,0,,,,0,,,,0
microsam_vit_l_em_organelles,mito,empiar_10982_mitonet_benchmark,MitoNet,192,0.646228,0.340923,0.817412,192,0.558669,0.326711,0.691211,192,0.816378,0.291306,0.933696,182,0.593998,0.340621,0.749573,192,0.646228,0.340923,0.817412,192,0.998841,0.001889,0.999354,192,0.999771,0.00039,0.999903,192,50480.286458,92988.594755,8517.5,192,3804.234375,6449.759011,1640.0,192,15633.885417,30718.279011,6775.0,192,16707297.59375,113178.12834,16746276.0,192,66114.171875,110833.0889,25187.5,192,54284.520833,95672.846878,14703.5,192,516820.3125,377597.697069,539612.5,192,0.116574,0.12126,0.073358,192,0.658166,0.350301,0.827105,192,0.533254,0.322504,0.633301,192,16.536458,16.736895,12.5,192,21.75,19.53869,17.0,192,0.695558,0.320067,0.818182,182,0.537008,0.333044,0.628289,192,0.574388,0.333711,0.686535,192,0.475667,0.316093,0.522764,192,0.580518,0.33471,0.666667,182,0.45857,0.323208,0.527864,192,0.488163,0.329641,0.571429,192,0.386788,0.298119,0.4,192,0.495263,0.302407,0.56168,192,0.718283,0.306159,0.84404,192,0.574388,0.333711,0.686535,192,,,,0,,,,0
microsam_vit_l_em_organelles,mito,orgsegnet_plant,PlantHunter,198,0.468608,0.304941,0.523737,198,0.359136,0.270786,0.354776,198,0.476995,0.319228,0.484054,194,0.588073,0.361009,0.698246,198,0.468608,0.304941,0.523737,198,0.981194,0.022646,0.988443,198,0.99079,0.011371,0.99398,198,169680.156566,220245.704814,90840.0,198,150924.40404,186353.109521,100102.0,198,164586.838384,320428.600289,43667.5,198,16292024.60101,451756.116623,16449028.5,198,334266.994949,395805.158613,172114.0,198,320604.560606,298291.882104,226347.5,198,11566402.555556,2575672.045301,13202713.0,198,0.042028,0.092409,0.014224,198,0.361141,0.281913,0.31165,198,0.278724,0.211782,0.276407,198,,,,0,,,,0,,,,0,,,,0,,,,0,,,,0,,,,0,,,,0,,,,0,,,,0,,,,0,,,,0,,,,0,,,,0,,,,0
microsam_vit_l_em_organelles,mito,zenodo_mitoem2,ME2-Mossy,55,0.609338,0.203095,0.618245,55,0.468,0.207892,0.447434,55,0.511729,0.229052,0.480171,54,0.87315,0.130114,0.893951,55,0.609338,0.203095,0.618245,55,0.996494,0.002596,0.996575,55,0.996757,0.002474,0.996967,55,39951.181818,28155.953758,33572.0,55,54228.472727,41358.84882,50620.0,55,4597.963636,3322.459702,4002.0,55,16678438.381818,63769.147141,16673190.0,55,44549.145455,30691.494494,36695.0,55,94179.654545,61165.200551,97629.0,55,503440.945455,369935.29685,475800.0,55,0.160219,0.162057,0.112516,55,0.58505,0.225961,0.642925,55,0.513135,0.179044,0.549147,55,48.854545,32.667147,43.0,55,18.272727,13.191532,15.0,55,0.38471,0.22116,0.340993,54,0.812023,0.19457,0.842105,55,0.489386,0.214939,0.488889,55,0.354181,0.217925,0.323529,55,0.324564,0.204687,0.284564,54,0.683741,0.199363,0.705882,55,0.41245,0.203253,0.4,55,0.284388,0.196794,0.25,55,0.416851,0.187719,0.408534,55,0.818885,0.163998,0.849449,55,0.489386,0.214939,0.488889,55,,,,0,,,,0
microsam_vit_l_em_organelles,nucleus,orgsegnet_plant,PlantHunter,65,0.006854,0.034531,0.0,65,0.003771,0.019166,0.0,65,0.025019,0.128902,0.0,65,0.004012,0.019949,0.0,65,0.006854,0.034531,0.0,65,0.925171,0.052773,0.938098,65,0.977426,0.019552,0.983354,65,1852.369231,8345.487213,0.0,65,354291.246154,303463.722438,256034.0,65,901124.861538,767578.776082,698305.0,65,15519947.523077,883954.438399,15725451.0,65,902977.230769,766618.226298,698305.0,65,356143.615385,301818.980946,256034.0,65,11175749.169231,3793615.302803,13217792.0,65,0.08644,0.070166,0.060599,65,0.006731,0.037779,0.0,65,0.004401,0.015358,0.0,65,,,,0,,,,0,,,,0,,,,0,,,,0,,,,0,,,,0,,,,0,,,,0,,,,0,,,,0,,,,0,,,,0,,,,0,,,,0
microsam_vit_l_em_organelles,nucleus,sbiad2822_nuclei,NucleiNet,219,0.01187,0.08968,0.0,219,0.009748,0.083943,0.0,219,0.030672,0.154086,0.0,216,0.010416,0.086183,0.0,219,0.01187,0.08968,0.0,219,0.839846,0.109647,0.828986,219,0.954132,0.033402,0.949718,219,3462.351598,12037.432953,0.0,219,647539.607306,480319.010972,675327.0,219,2039398.273973,1584988.070879,1890348.0,219,14086815.767123,1839211.299884,13908075.0,219,2042860.625571,1584476.4187,1914735.0,219,651001.958904,480788.397514,675351.0,219,12699416.420091,7084439.413568,16777216.0,219,0.266164,0.209211,0.172025,219,0.014678,0.094983,0.0,219,0.010883,0.057623,0.000945,219,191.552511,205.53452,112.0,219,7.767123,10.814991,5.0,219,0.00713,0.055864,0.0,216,0.019387,0.100213,0.0,219,0.007837,0.064836,0.0,219,0.005498,0.048129,0.0,219,0.006605,0.05309,0.0,216,0.017502,0.099086,0.0,219,0.00747,0.064304,0.0,219,0.005293,0.047896,0.0,219,0.006513,0.054281,0.0,219,0.093647,0.262204,0.0,219,0.007837,0.064836,0.0,219,,,,0,,,,0
microsam_vit_l_em_organelles,nucleus,segapp_islet_nucleus,IsletSEM,154,0.000574,0.003009,0.0,154,0.00029,0.001523,0.0,154,0.001834,0.010271,0.0,154,0.000352,0.001797,0.0,154,0.000574,0.003009,0.0,154,0.83458,0.082048,0.838793,154,0.960598,0.017875,0.957747,154,897.87013,5437.344354,0.0,154,561430.480519,246073.709108,579248.5,154,2213856.324675,1263119.164957,2096593.0,154,14001031.324675,1377047.038692,14072623.0,154,2214754.194805,1263676.419584,2096593.0,154,562328.350649,246169.754414,580608.5,154,16777216.0,0.0,16777216.0,154,0.13201,0.075321,0.124966,154,0.000626,0.00253,0.0,154,0.001048,0.004032,0.0,154,134.88961,57.085327,140.0,154,3.220779,1.491303,3.0,154,0.0,0.0,0.0,154,0.0,0.0,0.0,154,0.0,0.0,0.0,154,0.0,0.0,0.0,154,0.0,0.0,0.0,154,0.0,0.0,0.0,154,0.0,0.0,0.0,154,0.0,0.0,0.0,154,0.0,0.0,0.0,154,0.0,0.0,0.0,154,0.0,0.0,0.0,154,,,,0,,,,0
microsam_vit_l_em_organelles,nucleus,zenodo_3675220_platynereis,Platynereis,300,0.94974,0.037994,0.961168,300,0.906494,0.061138,0.925239,300,0.963861,0.015653,0.965496,300,0.938279,0.062081,0.960292,300,0.94974,0.037994,0.961168,300,0.999838,0.00011,0.999869,300,0.999946,2e-05,0.999947,300,29293.52,16647.804083,25939.0,300,905.146667,342.87636,890.5,300,1808.396667,1817.110591,1127.5,300,16745208.936667,17675.252936,16749408.0,300,31101.916667,17534.725017,26942.0,300,30198.666667,16796.20572,26797.5,300,123926.95,29583.263153,130687.5,300,0.254421,0.134407,0.223385,300,0.95362,0.042735,0.965235,300,0.925321,0.05211,0.938317,300,20.896667,11.924736,19.0,300,21.906667,12.689022,19.0,300,0.915294,0.091158,0.936835,300,0.876634,0.101351,0.9,300,0.891817,0.082707,0.912281,300,0.814134,0.126232,0.83871,300,0.854219,0.122771,0.875,300,0.815861,0.113501,0.823529,300,0.831185,0.108724,0.845757,300,0.725352,0.153752,0.732738,300,0.804628,0.085067,0.822017,300,0.901487,0.028333,0.904205,300,0.891817,0.082707,0.912281,300,,,,0,,,,0
mitonet,mito,deepcontact_tem,DeepContact,67,0.575801,0.166647,0.605364,67,0.422909,0.160721,0.434065,67,0.628389,0.203605,0.660513,67,0.566396,0.173753,0.567947,67,0.575801,0.166647,0.605364,67,0.997558,0.001053,0.997537,67,0.998951,0.000701,0.999044,67,29925.731343,14824.614756,29391.0,67,17548.641791,11740.988366,15994.0,67,23419.80597,14095.942175,20907.0,67,16706321.820896,24721.985871,16703540.0,67,53345.537313,23489.396912,53198.0,67,47474.373134,17429.499835,46286.0,67,1065479.014925,235332.901822,1141690.0,67,0.050081,0.018703,0.049145,67,0.587709,0.180749,0.622113,67,0.506541,0.172286,0.514925,67,,,,0,,,,0,,,,0,,,,0,,,,0,,,,0,,,,0,,,,0,,,,0,,,,0,,,,0,,,,0,,,,0,,,,0,,,,0
mitonet,mito,deeppi_em_skeletal_muscle,DeepPI,6,0.144662,0.1555,0.069446,6,0.086212,0.09849,0.03631,6,0.923778,0.071178,0.959663,6,0.086885,0.099475,0.036369,6,0.144662,0.1555,0.069446,6,0.849459,0.048621,0.841549,6,0.9994,0.000381,0.999528,6,183619.0,171782.706855,133353.0,6,8609.333333,5817.278879,6476.5,6,2517049.833333,820163.258479,2654929.0,6,14067937.833333,704099.928014,14100181.0,6,2700668.833333,707979.533532,2673596.0,6,192228.333333,177020.365992,139493.5,6,6553600.0,0.0,6553600.0,6,0.412089,0.108029,0.407959,6,0.16188,0.17662,0.077547,6,0.122747,0.10917,0.074629,6,,,,0,,,,0,,,,0,,,,0,,,,0,,,,0,,,,0,,,,0,,,,0,,,,0,,,,0,,,,0,,,,0,,,,0,,,,0
mitonet,mito,empiar_10982_mitonet_benchmark,MitoNet,192,0.648241,0.334552,0.806767,192,0.559386,0.326451,0.676119,192,0.843134,0.225349,0.939196,186,0.592793,0.342547,0.727683,192,0.648241,0.334552,0.806767,192,0.998902,0.002066,0.999303,192,0.999818,0.000272,0.999955,192,50712.635417,100949.270847,9531.0,192,3026.348958,4508.457231,759.0,192,15401.536458,33850.645754,7320.0,192,16708075.479167,113622.134126,16750838.0,192,66114.171875,110833.0889,25187.5,192,53738.984375,103832.891869,10194.0,192,516820.3125,377597.697069,539612.5,192,0.116574,0.12126,0.073358,192,0.661577,0.339896,0.821734,192,0.570572,0.317273,0.681726,192,18.864583,18.541406,13.5,192,21.75,19.53869,17.0,192,0.61918,0.30569,0.701852,186,0.553355,0.341677,0.652483,192,0.558728,0.325481,0.6159,192,0.456798,0.311482,0.445,192,0.501633,0.319436,0.5,186,0.459104,0.333415,0.5,192,0.461177,0.326115,0.5,192,0.362067,0.299312,0.333333,192,0.477546,0.29647,0.533023,192,0.722072,0.290304,0.827419,192,0.558728,0.325481,0.6159,192,,,,0,,,,0
mitonet,mito,orgsegnet_plant,PlantHunter,198,0.144566,0.221329,0.01437,198,0.097355,0.164605,0.007237,198,0.365526,0.384125,0.211482,183,0.119786,0.201719,0.008442,198,0.144566,0.221329,0.01437,198,0.979709,0.02364,0.989732,198,0.998424,0.002634,0.999514,198,19675.994949,42811.947928,1623.0,198,25830.969697,42830.19991,8113.5,198,314591.0,392797.532046,162948.5,198,16417118.035354,400835.944363,16580347.5,198,334266.994949,395805.158613,172114.0,198,45506.964646,68297.531256,19697.0,198,11566402.555556,2575672.045301,13202713.0,198,0.042028,0.092409,0.014224,198,0.148014,0.231839,0.0,198,0.078682,0.135967,0.012772,198,,,,0,,,,0,,,,0,,,,0,,,,0,,,,0,,,,0,,,,0,,,,0,,,,0,,,,0,,,,0,,,,0,,,,0,,,,0
mitonet,mito,zenodo_mitoem2,ME2-Mossy,55,0.602857,0.206396,0.610364,55,0.462576,0.214334,0.439226,55,0.494815,0.226576,0.454526,54,0.902466,0.139178,0.929372,55,0.602857,0.206396,0.610364,55,0.99622,0.002795,0.996319,55,0.996406,0.002697,0.996473,55,41221.836364,28603.786317,32548.0,55,60095.163636,45077.132928,58875.0,55,3327.309091,3117.89272,2777.0,55,16672571.690909,67788.706842,16664879.0,55,44549.145455,30691.494494,36695.0,55,101317.0,65682.807207,109678.0,55,503440.945455,369935.29685,475800.0,55,0.160219,0.162057,0.112516,55,0.623022,0.20962,0.667869,55,0.503991,0.175469,0.518798,55,50.727273,33.702686,47.0,55,18.272727,13.191532,15.0,55,0.377102,0.207532,0.342105,54,0.827172,0.174049,0.857143,55,0.480838,0.190294,0.495238,55,0.338744,0.180949,0.329114,55,0.302406,0.185108,0.263655,54,0.688788,0.239745,0.714286,55,0.3951,0.198002,0.382022,55,0.267149,0.174184,0.236111,55,0.410092,0.171737,0.397545,55,0.834444,0.13754,0.856884,55,0.480838,0.190294,0.495238,55,,,,0,,,,0
mitonet_scaled,mito,deepcontact_tem,DeepContact,67,0.590331,0.167852,0.605343,67,0.438461,0.166629,0.434044,67,0.640821,0.204086,0.663492,67,0.589667,0.182387,0.578138,67,0.590331,0.167852,0.605343,67,0.997648,0.001046,0.997714,67,0.998973,0.000732,0.99915,67,31053.985075,16355.88107,29183.0,67,17170.19403,12250.160914,14215.0,67,22291.552239,13671.971799,20289.0,67,16706700.268657,24590.027645,16704638.0,67,53345.537313,23489.396912,53198.0,67,48224.179104,18694.364669,46667.0,67,1065479.014925,235332.901822,1141690.0,67,0.050081,0.018703,0.049145,67,0.586338,0.193248,0.606053,67,0.513852,0.180287,0.518033,67,,,,0,,,,0,,,,0,,,,0,,,,0,,,,0,,,,0,,,,0,,,,0,,,,0,,,,0,,,,0,,,,0,12.0,0.0,12.0,67,,,,0
mitonet_scaled,mito,deeppi_em_skeletal_muscle,DeepPI,6,0.796521,0.175608,0.875616,6,0.691705,0.205498,0.778791,6,0.952801,0.012236,0.954569,6,0.719699,0.217361,0.81099,6,0.796521,0.175608,0.875616,6,0.945364,0.044148,0.961264,6,0.993344,0.002653,0.993381,6,1877373.166667,713124.378515,1648814.0,6,93346.0,34899.129244,95319.0,6,823295.666667,765162.018604,533517.0,6,13983201.166667,710679.327573,13996902.5,6,2700668.833333,707979.533532,2673596.0,6,1970719.166667,741936.770453,1750643.5,6,6553600.0,0.0,6553600.0,6,0.412089,0.108029,0.407959,6,0.831275,0.162685,0.905737,6,0.472946,0.151559,0.497524,6,,,,0,,,,0,,,,0,,,,0,,,,0,,,,0,,,,0,,,,0,,,,0,,,,0,,,,0,,,,0,,,,0,12.0,0.0,12.0,6,,,,0
mitonet_scaled,mito,empiar_10982_mitonet_benchmark,MitoNet,192,0.522175,0.352068,0.642604,192,0.430502,0.327594,0.473413,192,0.820415,0.250606,0.926191,177,0.462543,0.350091,0.521673,192,0.522175,0.352068,0.642604,192,0.998226,0.002903,0.998922,192,0.999631,0.002032,0.999966,192,42462.473958,97411.541744,5288.0,192,6113.338542,33770.989563,564.5,192,23651.697917,34771.243146,15434.0,192,16704988.489583,122235.298079,16751463.0,192,66114.171875,110833.0889,25187.5,192,48575.8125,110105.333054,6514.0,192,516820.3125,377597.697069,539612.5,192,0.116574,0.12126,0.073358,192,0.537852,0.358914,0.664132,192,0.377012,0.316346,0.349035,192,11.385417,10.930529,8.0,192,21.75,19.53869,17.0,192,0.538978,0.314501,0.571429,177,0.36531,0.316191,0.314144,192,0.395427,0.30933,0.4,192,0.297387,0.268171,0.25,192,0.358959,0.29891,0.333333,177,0.265418,0.277734,0.17029,192,0.281812,0.27991,0.207304,192,0.200421,0.226201,0.115642,192,0.316277,0.262406,0.286355,192,0.607884,0.321168,0.743664,192,0.395427,0.30933,0.4,192,12.0,0.0,12.0,192,,,,0
mitonet_scaled,mito,orgsegnet_plant,PlantHunter,198,0.282212,0.298262,0.170117,198,0.20702,0.249856,0.092968,198,0.61749,0.365485,0.714707,166,0.238102,0.281725,0.106929,198,0.282212,0.298262,0.170117,198,0.983259,0.021593,0.990675,198,0.999087,0.001563,0.999701,198,68305.742424,142055.030529,12834.5,198,14911.873737,25220.713871,4968.0,198,265961.252525,359279.32978,133081.0,198,16428037.131313,400598.488807,16579550.5,198,334266.994949,395805.158613,172114.0,198,83217.616162,149919.750553,28109.0,198,11566402.555556,2575672.045301,13202713.0,198,0.042028,0.092409,0.014224,198,0.28304,0.309497,0.18706,198,0.124824,0.157082,0.04969,198,,,,0,,,,0,,,,0,,,,0,,,,0,,,,0,,,,0,,,,0,,,,0,,,,0,,,,0,,,,0,,,,0,12.0,0.0,12.0,198,,,,0
mitonet_scaled,mito,zenodo_mitoem2,ME2-Mossy,55,0.602857,0.206396,0.610364,55,0.462576,0.214334,0.439226,55,0.494815,0.226576,0.454526,54,0.902466,0.139178,0.929372,55,0.602857,0.206396,0.610364,55,0.99622,0.002795,0.996319,55,0.996406,0.002697,0.996473,55,41221.836364,28603.786317,32548.0,55,60095.163636,45077.132928,58875.0,55,3327.309091,3117.89272,2777.0,55,16672571.690909,67788.706842,16664879.0,55,44549.145455,30691.494494,36695.0,55,101317.0,65682.807207,109678.0,55,503440.945455,369935.29685,475800.0,55,0.160219,0.162057,0.112516,55,0.623022,0.20962,0.667869,55,0.503991,0.175469,0.518798,55,50.727273,33.702686,47.0,55,18.272727,13.191532,15.0,55,0.377102,0.207532,0.342105,54,0.827172,0.174049,0.857143,55,0.480838,0.190294,0.495238,55,0.338744,0.180949,0.329114,55,0.302406,0.185108,0.263655,54,0.688788,0.239745,0.714286,55,0.3951,0.198002,0.382022,55,0.267149,0.174184,0.236111,55,0.410092,0.171737,0.397545,55,0.834444,0.13754,0.856884,55,0.480838,0.190294,0.495238,55,12.0,0.0,12.0,55,,,,0
nucleonet,nucleus,orgsegnet_plant,PlantHunter,65,0.533645,0.255744,0.524429,65,0.408073,0.257281,0.355407,65,0.468244,0.300957,0.38297,65,0.822752,0.232585,0.903573,65,0.533645,0.255744,0.524429,65,0.877762,0.163898,0.937465,65,0.875521,0.180752,0.951943,65,772085.4,739934.520539,624890.0,65,1919917.046154,2784218.313716,782200.0,65,130891.830769,258733.789352,41877.0,65,13954321.723077,3142604.969379,15244232.0,65,902977.230769,766618.226298,698305.0,65,2692002.446154,3177012.01822,1387215.0,65,11175749.169231,3793615.302803,13217792.0,65,0.08644,0.070166,0.060599,65,0.387769,0.294669,0.315191,65,0.127278,0.124519,0.087523,65,,,,0,,,,0,,,,0,,,,0,,,,0,,,,0,,,,0,,,,0,,,,0,,,,0,,,,0,,,,0,,,,0,,,,0,,,,0
nucleonet,nucleus,sbiad2822_nuclei,NucleiNet,219,0.872132,0.172613,0.930619,219,0.802615,0.19747,0.870241,219,0.850731,0.173547,0.91202,215,0.938712,0.136004,0.966098,219,0.872132,0.172613,0.930619,219,0.966426,0.041043,0.98007,219,0.963408,0.051962,0.9847,219,1978174.543379,1565635.342918,1804612.0,219,498595.83105,684359.692819,221118.0,219,64686.082192,50066.602454,59331.0,219,14235759.543379,1977811.585899,14499402.0,219,2042860.625571,1584476.4187,1914735.0,219,2476770.374429,1961910.540129,2176812.0,219,12699416.420091,7084439.413568,16777216.0,219,0.266164,0.209211,0.172025,219,0.840875,0.179159,0.890128,219,0.671534,0.167055,0.70427,219,174.347032,218.510416,71.0,219,7.767123,10.814991,5.0,219,0.17413,0.292373,0.022222,215,0.445564,0.327446,0.4,219,0.208573,0.302506,0.039216,219,0.163957,0.286469,0.02,219,0.138894,0.289212,0.007299,215,0.288893,0.313828,0.25,219,0.156706,0.292808,0.013559,219,0.129435,0.282706,0.006826,219,0.174934,0.273776,0.028734,219,0.645922,0.31858,0.763754,219,0.208573,0.302506,0.039216,219,,,,0,,,,0
nucleonet,nucleus,segapp_islet_nucleus,IsletSEM,154,0.931629,0.103137,0.966467,154,0.884445,0.132467,0.93511,154,0.926097,0.119282,0.963858,154,0.946589,0.102711,0.974371,154,0.931629,0.103137,0.966467,154,0.986426,0.016064,0.991706,154,0.990268,0.015313,0.994827,154,2127694.857143,1242704.082834,1920822.0,154,140682.162338,227761.847152,72035.5,154,87059.337662,149940.288794,54475.5,154,14421779.642857,1287312.258129,14448391.5,154,2214754.194805,1263676.419584,2096593.0,154,2268377.019481,1267411.502089,2240097.5,154,16777216.0,0.0,16777216.0,154,0.13201,0.075321,0.124966,154,0.824697,0.162854,0.884682,154,0.607392,0.139492,0.639064,154,90.448052,168.733019,30.0,154,3.220779,1.491303,3.0,154,0.061138,0.116187,0.023016,154,0.340368,0.310737,0.333333,154,0.095105,0.147911,0.041739,154,0.058652,0.115493,0.021315,154,0.031503,0.070298,0.0,154,0.172078,0.228481,0.0,154,0.049933,0.101756,0.0,154,0.029055,0.066506,0.0,154,0.072766,0.117491,0.027902,154,0.523602,0.363963,0.667608,154,0.095105,0.147911,0.041739,154,,,,0,,,,0
nucleonet,nucleus,zenodo_3675220_platynereis,Platynereis,300,0.924536,0.03023,0.931102,300,0.861068,0.050094,0.871087,300,0.954055,0.025308,0.95979,300,0.898035,0.045621,0.907304,300,0.924536,0.03023,0.931102,300,0.999753,0.000126,0.999789,300,0.999923,5.1e-05,0.999938,300,28253.416667,16569.808311,23628.0,300,1294.39,859.543374,1034.5,300,2848.5,1503.77543,2472.0,300,16744819.693333,18178.094278,16749544.5,300,31101.916667,17534.725017,26942.0,300,29547.806667,17205.888766,24471.0,300,123926.95,29583.263153,130687.5,300,0.254421,0.134407,0.223385,300,0.910438,0.04377,0.920998,300,0.833507,0.058477,0.840305,300,19.566667,11.573773,16.0,300,21.906667,12.689022,19.0,300,0.891883,0.092252,0.9,300,0.796291,0.10708,0.8,300,0.837537,0.086525,0.857143,300,0.729543,0.122417,0.75,300,0.784473,0.126186,0.8,300,0.699454,0.122574,0.703203,300,0.736208,0.115455,0.75,300,0.595393,0.141785,0.6,300,0.722373,0.081319,0.733451,300,0.86201,0.027508,0.865209,300,0.837537,0.086525,0.857143,300,,,,0,,,,0
nucleonet_scaled,nucleus,orgsegnet_plant,PlantHunter,65,0.691866,0.260281,0.798509,65,0.583099,0.27748,0.664599,65,0.708095,0.283113,0.801113,63,0.799004,0.245651,0.893407,65,0.691866,0.260281,0.798509,65,0.972477,0.023796,0.977427,65,0.979933,0.02464,0.992912,65,761334.076923,707611.241025,628685.0,65,320120.153846,394623.692978,113968.0,65,141643.153846,176529.294844,71066.0,65,15554118.615385,824117.545692,15617533.0,65,902977.230769,766618.226298,698305.0,65,1081454.230769,787203.914839,892837.0,65,11175749.169231,3793615.302803,13217792.0,65,0.08644,0.070166,0.060599,65,0.555444,0.333742,0.564708,65,0.19632,0.154918,0.139344,65,,,,0,,,,0,,,,0,,,,0,,,,0,,,,0,,,,0,,,,0,,,,0,,,,0,,,,0,,,,0,,,,0,20.0,0.0,20.0,65,,,,0
nucleonet_scaled,nucleus,sbiad2822_nuclei,NucleiNet,219,0.875588,0.171319,0.929681,219,0.807678,0.195793,0.868602,219,0.859603,0.170637,0.926426,215,0.935481,0.136111,0.963761,219,0.875588,0.171319,0.929681,219,0.968659,0.038196,0.980411,219,0.967093,0.047799,0.987356,219,1967754.744292,1557931.858712,1800696.0,219,450706.287671,633497.380672,182045.0,219,75105.881279,64117.509442,64136.0,219,14283649.086758,1921661.40345,14494042.0,219,2042860.625571,1584476.4187,1914735.0,219,2418461.031963,1898459.358226,2140531.0,219,12699416.420091,7084439.413568,16777216.0,219,0.266164,0.209211,0.172025,219,0.859128,0.174022,0.909434,219,0.69112,0.173036,0.727021,219,11.141553,10.095121,8.0,219,7.767123,10.814991,5.0,219,0.563723,0.265108,0.571429,215,0.823288,0.276005,0.941176,219,0.642858,0.264651,0.7,219,0.525011,0.269897,0.538462,219,0.496403,0.29486,0.5,215,0.690637,0.331371,0.8,219,0.558024,0.305254,0.615385,219,0.448415,0.296988,0.444444,219,0.574205,0.255177,0.619949,219,0.815241,0.25246,0.901181,219,0.642858,0.264651,0.7,219,20.0,0.0,20.0,219,,,,0
nucleonet_scaled,nucleus,segapp_islet_nucleus,IsletSEM,154,0.943721,0.1224,0.973972,154,0.908786,0.135632,0.949264,154,0.965185,0.08098,0.993559,153,0.94058,0.11677,0.961789,154,0.943721,0.1224,0.973972,154,0.990276,0.012626,0.99326,154,0.995965,0.010472,0.999013,154,2110390.051948,1232898.626774,1996054.5,154,58774.12987,155704.274113,14590.5,154,104364.142857,149935.402655,74483.5,154,14503687.675325,1269848.156723,14581711.5,154,2214754.194805,1263676.419584,2096593.0,154,2169164.181818,1239972.542632,2125628.0,154,16777216.0,0.0,16777216.0,154,0.13201,0.075321,0.124966,154,0.912719,0.148992,0.962634,154,0.650625,0.154722,0.692691,154,4.064935,2.986279,4.0,154,3.220779,1.491303,3.0,154,0.730516,0.272147,0.75,153,0.837879,0.244103,1.0,154,0.752187,0.239429,0.8,154,0.653328,0.270503,0.666667,154,0.64766,0.295112,0.625,153,0.75,0.290177,0.8,154,0.669175,0.274148,0.666667,154,0.564452,0.305826,0.5,154,0.676314,0.230546,0.701228,154,0.861053,0.18692,0.914268,154,0.752187,0.239429,0.8,154,20.0,0.0,20.0,154,,,,0
nucleonet_scaled,nucleus,zenodo_3675220_platynereis,Platynereis,300,0.924536,0.03023,0.931102,300,0.861068,0.050094,0.871087,300,0.954055,0.025308,0.95979,300,0.898035,0.045621,0.907304,300,0.924536,0.03023,0.931102,300,0.999753,0.000126,0.999789,300,0.999923,5.1e-05,0.999938,300,28253.416667,16569.808311,23628.0,300,1294.39,859.543374,1034.5,300,2848.5,1503.77543,2472.0,300,16744819.693333,18178.094278,16749544.5,300,31101.916667,17534.725017,26942.0,300,29547.806667,17205.888766,24471.0,300,123926.95,29583.263153,130687.5,300,0.254421,0.134407,0.223385,300,0.910438,0.04377,0.920998,300,0.833507,0.058477,0.840305,300,19.566667,11.573773,16.0,300,21.906667,12.689022,19.0,300,0.891883,0.092252,0.9,300,0.796291,0.10708,0.8,300,0.837537,0.086525,0.857143,300,0.729543,0.122417,0.75,300,0.784473,0.126186,0.8,300,0.699454,0.122574,0.703203,300,0.736208,0.115455,0.75,300,0.595393,0.141785,0.6,300,0.722373,0.081319,0.733451,300,0.86201,0.027508,0.865209,300,0.837537,0.086525,0.857143,300,20.0,0.0,20.0,300,,,,0
orgsegnet,mito,deepcontact_tem,DeepContact,67,0.48842,0.175057,0.55098,67,0.340098,0.147659,0.380243,67,0.643387,0.198179,0.661087,67,0.438256,0.194968,0.445394,67,0.48842,0.175057,0.55098,67,0.997457,0.00107,0.99764,67,0.999237,0.000662,0.999446,67,23447.820896,14912.505031,21285.0,67,12761.268657,11063.114914,9260.0,67,29897.716418,16243.205375,26125.0,67,16711109.19403,26593.513818,16711643.0,67,53345.537313,23489.396912,53198.0,67,36209.089552,21013.669958,33220.0,67,1065479.014925,235332.901822,1141690.0,67,0.050081,0.018703,0.049145,67,,,,0,0.302044,0.158844,0.29445,67,,,,0,,,,0,,,,0,,,,0,,,,0,,,,0,,,,0,,,,0,,,,0,,,,0,,,,0,,,,0,,,,0,,,,0,,,,0
orgsegnet,mito,deeppi_em_skeletal_muscle,DeepPI,6,0.458039,0.308631,0.560554,6,0.347933,0.255906,0.398512,6,0.943783,0.03476,0.927985,6,0.364586,0.270457,0.413396,6,0.458039,0.308631,0.560554,6,0.883408,0.068665,0.90155,6,0.995381,0.003403,0.994017,6,811573.166667,563292.489616,897354.5,6,66990.666667,49323.716975,87097.5,6,1889095.666667,1199024.581772,1557356.5,6,14009556.5,666992.327182,14009256.0,6,2700668.833333,707979.533532,2673596.0,6,878563.833333,611480.686465,985229.0,6,6553600.0,0.0,6553600.0,6,0.412089,0.108029,0.407959,6,,,,0,0.245892,0.164807,0.290782,6,,,,0,,,,0,,,,0,,,,0,,,,0,,,,0,,,,0,,,,0,,,,0,,,,0,,,,0,,,,0,,,,0,,,,0,,,,0
orgsegnet,mito,empiar_10982_mitonet_benchmark,MitoNet,192,0.207103,0.285135,0.018966,192,0.151894,0.231304,0.009574,192,0.676633,0.36303,0.873223,124,0.175753,0.267425,0.009797,192,0.207103,0.285135,0.018966,192,0.99702,0.004656,0.998672,192,0.999644,0.001143,0.999996,192,22044.130208,60128.914133,83.5,192,5926.708333,19021.840049,72.0,192,44070.041667,75445.268061,20729.5,192,16705175.119792,116541.929637,16751800.0,192,66114.171875,110833.0889,25187.5,192,27970.838542,69754.281884,494.0,192,516820.3125,377597.697069,539612.5,192,0.116574,0.12126,0.073358,192,,,,0,0.125296,0.18458,0.009369,192,,,,0,,,,0,,,,0,,,,0,,,,0,,,,0,,,,0,,,,0,,,,0,,,,0,,,,0,,,,0,,,,0,,,,0,,,,0
orgsegnet,mito,orgsegnet_plant,PlantHunter,198,0.706024,0.339384,0.909697,198,0.635143,0.345679,0.834353,198,0.841751,0.262853,0.952124,188,0.681421,0.358284,0.913945,198,0.706024,0.339384,0.909697,198,0.995109,0.006619,0.997748,198,0.998571,0.004439,0.999434,198,275564.20202,384732.563245,130530.0,198,23356.090909,73148.377498,9385.0,198,58702.792929,87643.263395,18147.0,198,16419592.914141,407625.2754,16587692.0,198,334266.994949,395805.158613,172114.0,198,298920.292929,397762.014265,146398.0,198,11566402.555556,2575672.045301,13202713.0,198,0.042028,0.092409,0.014224,198,,,,0,0.319167,0.234516,0.278995,198,,,,0,,,,0,,,,0,,,,0,,,,0,,,,0,,,,0,,,,0,,,,0,,,,0,,,,0,,,,0,,,,0,,,,0,,,,0
orgsegnet,mito,zenodo_mitoem2,ME2-Mossy,55,0.401449,0.203603,0.402897,55,0.272881,0.173053,0.252267,55,0.496677,0.256639,0.463886,53,0.388279,0.196031,0.408597,55,0.401449,0.203603,0.402897,55,0.996884,0.002272,0.997247,55,0.998584,0.00125,0.998764,55,15949.763636,11957.506435,12944.0,55,23674.709091,20899.32187,20660.0,55,28599.381818,24364.792855,23324.0,55,16708992.145455,44713.731576,16711571.0,55,44549.145455,30691.494494,36695.0,55,39624.472727,27883.622228,35395.0,55,503440.945455,369935.29685,475800.0,55,0.160219,0.162057,0.112516,55,,,,0,0.146214,0.10489,0.124724,55,,,,0,,,,0,,,,0,,,,0,,,,0,,,,0,,,,0,,,,0,,,,0,,,,0,,,,0,,,,0,,,,0,,,,0,,,,0
orgsegnet,nucleus,orgsegnet_plant,PlantHunter,65,0.919189,0.193522,0.97045,65,0.885518,0.197606,0.942597,65,0.971662,0.03793,0.986891,64,0.91164,0.201746,0.969133,65,0.919189,0.193522,0.97045,65,0.996089,0.006507,0.997654,65,0.998874,0.001466,0.999403,65,855015.338462,774984.050957,668779.0,65,17647.338462,23238.311243,9491.0,65,47961.892308,111333.42808,16592.0,65,15856591.430769,770720.45068,16067066.0,65,902977.230769,766618.226298,698305.0,65,872662.676923,779694.948145,676476.0,65,11175749.169231,3793615.302803,13217792.0,65,0.08644,0.070166,0.060599,65,,,,0,0.403187,0.2367,0.38563,65,,,,0,,,,0,,,,0,,,,0,,,,0,,,,0,,,,0,,,,0,,,,0,,,,0,,,,0,,,,0,,,,0,,,,0,,,,0
orgsegnet,nucleus,sbiad2822_nuclei,NucleiNet,219,0.052431,0.148664,0.0,219,0.035085,0.10767,0.0,219,0.586221,0.452262,0.833357,82,0.035716,0.109101,0.0,219,0.052431,0.148664,0.0,219,0.880596,0.092184,0.88655,219,0.998312,0.006401,1.0,219,62559.716895,247925.74054,0.0,219,22966.123288,86682.848528,0.0,219,1980300.908676,1530262.319446,1900738.0,219,14711389.251142,1601972.9109,14855046.0,219,2042860.625571,1584476.4187,1914735.0,219,85525.840183,272945.881884,0.0,219,12699416.420091,7084439.413568,16777216.0,219,0.266164,0.209211,0.172025,219,,,,0,0.008081,0.024378,0.0,219,,,,0,,,,0,,,,0,,,,0,,,,0,,,,0,,,,0,,,,0,,,,0,,,,0,,,,0,,,,0,,,,0,,,,0,,,,0
orgsegnet,nucleus,segapp_islet_nucleus,IsletSEM,154,0.443601,0.361098,0.475241,154,0.361001,0.332428,0.311688,154,0.909459,0.223942,0.990171,127,0.381449,0.356549,0.312172,154,0.443601,0.361098,0.475241,154,0.915556,0.064623,0.927826,154,0.995385,0.015961,0.99965,154,863993.824675,966186.083706,577012.0,154,65980.097403,222756.902829,5152.5,154,1350760.37013,1106086.151679,1123651.0,154,14496481.707792,1291707.075381,14601461.0,154,2214754.194805,1263676.419584,2096593.0,154,929973.922078,1050100.102402,624915.0,154,16777216.0,0.0,16777216.0,154,0.13201,0.075321,0.124966,154,,,,0,0.17898,0.172455,0.156724,154,,,,0,,,,0,,,,0,,,,0,,,,0,,,,0,,,,0,,,,0,,,,0,,,,0,,,,0,,,,0,,,,0,,,,0,,,,0
orgsegnet,nucleus,zenodo_3675220_platynereis,Platynereis,300,9.2e-05,0.000701,0.0,300,4.6e-05,0.000352,0.0,300,0.023662,0.094525,0.0,72,4.7e-05,0.000355,0.0,300,9.2e-05,0.000701,0.0,300,0.998135,0.001049,0.998365,300,0.999988,4.8e-05,1.0,300,1.22,9.63284,0.0,300,194.743333,799.539833,0.0,300,31100.696667,17534.962305,26942.0,300,16745919.34,17596.560053,16749783.5,300,31101.916667,17534.725017,26942.0,300,195.963333,799.688845,0.0,300,123926.95,29583.263153,130687.5,300,0.254421,0.134407,0.223385,300,,,,0,0.000349,0.002321,0.0,300,,,,0,,,,0,,,,0,,,,0,,,,0,,,,0,,,,0,,,,0,,,,0,,,,0,,,,0,,,,0,,,,0,,,,0,,,,0
